lat,long,NM_MICRO,total,CD_GEOCMI,Fx18,Fx60,Fx70,pp_18,pp_60,pp_70
-51.0122311522452,-21.6486375055187,ADAMANTINA,159414.511688671,35035,37192.1270656353,26141.9346418978,12817.0481817045,0.233304525865687,0.163987170082432,0.0804007617997514
-41.008725135712,-20.2447758174149,AFONSO CLÁUDIO,132917.161302743,32007,38005.3874521146,16041.9889512983,7535.80986399214,0.285932885412369,0.120691630742548,0.0566955372062751
-44.166656581146,-2.52060224841748,AGLOMERAÇÃO URBANA DE SÃO LUÍS,1338932.53500645,21002,419309.04869127,101489.938522472,44382.3705240602,0.313166673994705,0.0757991428761437,0.0331475779127633
-37.3996420189498,-10.6818139183813,AGRESTE DE ITABAIANA,162163.511863576,28004,55293.855674237,16616.0964347569,7813.00142556703,0.340975938660938,0.10246507518125,0.0481797744497536
-37.7190321001621,-10.8884386481534,AGRESTE DE LAGARTO,115628.134678867,28006,40031.5281423698,12459.3937833538,5849.70869713074,0.346209235784605,0.107753997917178,0.0505907036672095
-35.5059470517114,-6.17758198209137,AGRESTE POTIGUAR,232589.748018067,24015,82865.1018478896,28869.9129998636,14647.0035352794,0.356271514776537,0.124123755435777,0.0629735560577745
-41.5768083043184,-19.5787026253133,AIMORÉS,149510.937259853,31041,43625.9655911109,22997.9551540815,11321.1788673907,0.29179113174368,0.153821222551168,0.0757214092485704
-37.8319983245202,-9.36319676579448,ALAGOANA DO SERTÃO DO SÃO FRANCISCO,80773.0822862257,27002,31591.5823857865,7401.09891918231,3069.79466453052,0.391115226652355,0.0916282839492981,0.0380051692673119
-38.2558981257841,-11.911021937323,ALAGOINHAS,311667.336920139,29017,105625.768141438,33669.9372599666,15684.5452349724,0.338905479108654,0.108031651929551,0.0503246358439907
-41.5843681148725,-20.6745968450447,ALEGRE,158928.052284137,32011,49305.6162390773,18968.8614128966,9025.44655424908,0.310238598727221,0.119355023485617,0.0567895121379394
-46.0371920733001,-21.4064455419862,ALFENAS,227284.794017163,31049,63542.5522793825,30664.0795940053,14110.5999206355,0.279572386503711,0.134914787091695,0.0620833434179057
-53.4681273871129,-0.318583689633219,ALMEIRIM,68792.2607516506,15003,33153.978408303,3589.22518065382,1540.95212598809,0.481943434421981,0.0521748397484917,0.022400079735003
-40.8567597975749,-16.4649430866283,ALMENARA,180435.794961675,31014,59582.8888116831,26138.7889907892,13089.6155265665,0.330216567196873,0.144864764756579,0.0725444501150495
-57.2395152105224,-9.82317495163076,ALTA FLORESTA,100215.42353733,51002,33069.0488708317,8781.1117984163,3624.29056693568,0.329979634906333,0.0876223587993454,0.0361649977519242
-53.3073511731439,-5.58091625259977,ALTAMIRA,279739.51234066,15015,113432.922382601,18023.0467422564,7142.58881880822,0.405494817065618,0.0644279622547865,0.0255329994645524
-53.4568976638801,-17.2125220328741,ALTO ARAGUAIA,35381.8003780784,51022,11026.1461637641,3255.6448939773,1430.85942051382,0.311633270380316,0.0920146758838878,0.0404405486782504
-35.9618399126332,-7.88283361753617,ALTO CAPIBARIBE,281540.476224351,26009,94690.0423406491,28743.3049391649,13894.860791611,0.336328344721536,0.102092975491951,0.049352977511264
-59.5449551473956,-14.5701817130352,ALTO GUAPORÉ,68733.1607194593,51012,24120.9526605986,5280.31179142766,2069.76672906705,0.350936177066706,0.0768233518749376,0.0301130736227161
-45.6300287944089,-5.94715468708361,ALTO MEARIM E GRAJAÚ,317447.002550213,21011,134500.989330926,27915.5070302039,12518.7587114961,0.423695887031258,0.0879375354183359,0.0394357439538774
-41.4580866915594,-8.07282332316932,ALTO MÉDIO CANINDÉ,264274.318289859,22015,92888.5421868603,30736.093188216,14201.137675952,0.351485315667258,0.116303745998142,0.0537363515601847
-44.999525367678,-9.18052503046636,ALTO MÉDIO GURGUÉIA,89365.6785155344,22010,34812.4177775664,8345.39389036969,3840.81594348496,0.389550198195105,0.0933847762250137,0.0429786469177573
-57.0509449003156,-16.4039261822083,ALTO PANTANAL,133082.164720842,51018,44526.9536156205,14082.1907844432,6293.00402685208,0.334582426646139,0.105815762870874,0.0472866070374833
-57.1135823665817,-14.5801387645814,ALTO PARAGUAI,32728.0452939504,51015,10535.1244726106,3771.69275775915,1668.19309778636,0.321898982294491,0.115243447137869,0.0509713636363954
-45.17594866237,-8.49390653203399,ALTO PARNAÍBA PIAUIENSE,44470.6159906953,22007,17510.3509122341,3826.37610025154,1807.71775309809,0.393751031375366,0.0860427951133427,0.0406497124635359
-54.7798655847839,-19.0145602325395,ALTO TAQUARI,118733.58744834,50003,37130.2559464276,11999.4148286164,5414.50106967958,0.312719060750882,0.101061671650722,0.0456021011917574
-55.4030989645742,-13.1142179013422,ALTO TELES PIRES,205073.347232022,51006,68085.8254942198,9993.61998376708,3568.34709615867,0.332007188711787,0.0487319299102297,0.017400345507217
-51.2037603988777,1.54255554596728,AMAPÁ,25508.2463258063,16002,12326.2528118625,1497.9368842477,612.104049753303,0.483226194949837,0.0587236325506337,0.0239963203246178
-46.679072418261,-22.6892803711153,AMPARO,180977.594748543,35033,44425.3286459188,28891.3038636249,14055.9697362936,0.245474190922058,0.159640224546953,0.077666905430053
-49.5238737066809,-16.2062162362452,ANÁPOLIS,549256.952567452,52007,162858.8240566,59133.2952529882,25711.9323867478,0.296507533123306,0.107660531153179,0.0468122110545159
-51.2400427354762,-20.9472405568234,ANDRADINA,182588.649873126,35016,45808.9551640863,27726.9696307722,12632.9036362041,0.250886104891609,0.151854836815096,0.069187781633646
-44.4211726699424,-21.9063046232289,ANDRELÂNDIA,73899.1686160379,31055,20405.2848402853,11358.9256561057,5356.96004712453,0.276123334300365,0.153708436357706,0.0724901260386026
-36.3519995762448,-5.67361586392858,ANGICOS,51345.5006897977,24009,16922.5846111866,6880.58765597694,3492.23183080678,0.329582619389066,0.134005658987451,0.0680143690078122
-50.1787612939438,-16.4637818484766,ANICUNS,110387.695702148,52009,29794.4424022966,15077.7633706374,6612.61834699065,0.269907277371647,0.136589166706775,0.0599035816893313
-55.654881601426,-19.7231928789834,AQUIDAUANA,106232.651450172,50002,36545.989299467,11854.2638950634,5360.11886881152,0.344018423719838,0.111587762643989,0.0504564161361037
-37.1387013330508,-10.8880717107191,ARACAJU,855805.158083317,28011,263152.508711348,71203.157998138,29807.0170698601,0.30749114588268,0.0832001972944477,0.0348292094156299
-50.7556654201383,-21.2163695364001,ARAÇATUBA,259263.556447527,35017,62202.507299014,36427.034899631,17162.0919837507,0.23991998008252,0.140501948668607,0.0661955433262916
-41.8776583848096,-16.9656922552716,ARAÇUAÍ,156933.848644859,31012,56510.6721975534,20207.3336639523,10253.3628682522,0.360092310776352,0.128763385582173,0.0653355726428117
-51.7538043570741,-16.2745097316535,ARAGARÇAS,55641.4520891729,52003,15717.9120439436,7315.86050771358,3163.32485985056,0.282485655096736,0.131482199565693,0.0568519465448334
-48.400068968986,-7.49113750801518,ARAGUAÍNA,284735.169753117,17002,100947.425405656,24330.629757519,10962.2820489072,0.354530933053277,0.0854500333717651,0.0384999227823249
-36.5865271041871,-9.66717815992705,ARAPIRACA,415615.527289387,27006,152880.680861167,40354.5853389997,17314.0365480364,0.3678416007656,0.09709595212236,0.0416587817614929
-49.879718329207,-29.0425379550168,ARARANGUÁ,183259.47575579,42020,53279.3502204202,21832.1183676629,9089.71598447624,0.290731761622083,0.11913227557606,0.0496002509392155
-48.4846134498149,-21.7044764221708,ARARAQUARA,508617.580271634,35024,130415.631761003,66034.6934894098,30703.6100520566,0.256411962188473,0.129831716501311,0.0603667888075338
-49.444508524778,-0.719879881991514,ARARI,157324.50767763,15006,66946.6530086891,11447.5495233209,5146.16532445399,0.425532258113706,0.0727639303774451,0.0327105128146904
-40.1862729026461,-7.93553301937733,ARARIPINA,311204.220239307,26001,121164.574307697,33145.9115765494,15446.6861356554,0.389341038545443,0.10650855425759,0.049635207786634
-46.9646558752317,-19.6402679521207,ARAXÁ,208132.099509762,31023,58188.0205905455,23719.5731164854,10525.1246224993,0.279572544204391,0.113964031364479,0.0505694443446751
-57.126292859461,-12.1922586923219,ARINOS,76602.9122677263,51005,26157.6042017105,5656.31759278248,2196.62829557706,0.341470101166519,0.0738394589100439,0.0286755193836478
-59.014957211754,-11.6479722131605,ARIPUANÃ,143112.309460424,51001,52180.7083012594,9561.66350093109,3346.4764759398,0.364613697438021,0.0668123066211524,0.0233835683915452
-50.5935554768678,-22.4546104420103,ASSIS,265825.990766809,35039,70633.9797780992,37235.0180401406,17212.0139229055,0.265715100221564,0.140072902325057,0.064749176230869
-50.4159850062345,-20.6192279332908,AURIFLAMA,46592.1482089564,35006,11464.7294090824,7401.48099905611,3465.50360947496,0.246065696684887,0.158856830680181,0.0743795627094264
-48.8907780294572,-23.1551991436929,AVARÉ,180867.53069013,35022,52180.6925401813,21759.9998562711,9923.03126860944,0.288502266499007,0.120309044819942,0.0548635304012083
-42.2114720001604,-22.527425952771,BACIA DE SÃO JOÃO,175698.506622915,33009,52165.0294532281,16846.7863452594,7120.49706551679,0.296900812965844,0.095884630262772,0.0405267933255622
-44.4685561747073,-23.0623925156292,BAÍA DA ILHA GRANDE,214785.785727813,33013,66138.1587949779,19117.3363118104,7550.29537041271,0.307926144045638,0.0890065245566896,0.0351526770955915
-35.821244096936,-5.47536137448083,BAIXA VERDE,63642.3931282154,24013,23676.7338065284,7211.13339906294,3486.94204087432,0.372027710504675,0.113307074806807,0.0547896122298457
-45.1191027119177,-2.99972700917353,BAIXADA MARANHENSE,573812.378650609,21005,229552.726330617,53061.0404453796,25386.2141094238,0.400048404097587,0.0924710627019919,0.0442413148512457
-37.1155818861252,-10.7575305381672,BAIXO COTINGUIBA,91209.1932124841,28010,33911.1454088058,6683.2322390655,2849.55576098787,0.371795256754495,0.0732736690642139,0.0312419796801562
-39.0779571020361,-3.49996641162356,BAIXO CURU,107640.85261033,23009,38010.7486646556,11001.6393805002,5484.60849565177,0.353125674340932,0.102206914138141,0.0509528525894029
-38.3284285826293,-4.95436639694953,BAIXO JAGUARIBE,316601.592927542,23023,99466.1373021164,37858.9565165473,17144.5545786237,0.314168151784633,0.119579172569772,0.0541518266540986
-56.6899752007703,-19.5562442792967,BAIXO PANTANAL,140386.861153771,50001,50534.1493500084,12756.30714981,5361.46952669164,0.359963524611157,0.0908653918534265,0.0381906788329645
-42.4137891769294,-3.11721219309155,BAIXO PARNAÍBA MARANHENSE,141362.751506553,21013,58368.0040327394,13743.6992200772,6472.64708502794,0.412895217521524,0.0972229181563439,0.0457875007103826
-41.9703965492523,-4.15761726502006,BAIXO PARNAÍBA PIAUIENSE,332393.618507725,22001,122123.056719821,36719.4594038381,17702.2081715048,0.367404937760509,0.110469808562178,0.0532567630238465
-44.5388018777174,-22.6881317960351,BANANAL,26374.7620249926,35052,8052.2426397739,3703.61928855462,1775.41580760004,0.305301053793154,0.140422851400331,0.0673149507820266
-43.7778237278281,-21.212443162872,BARBACENA,223828.511752221,31059,61263.4648556722,29311.6544764872,12864.5061425828,0.273707153642209,0.130955856548496,0.0574748321466027
-42.8437043746343,-11.1529065755873,BARRA,173012.270880282,29006,69483.9050215269,17405.0327210054,8248.20159545798,0.401612583130634,0.100599990003305,0.0476740843495745
-40.7277751899712,-18.5224142578309,BARRA DE SÃO FRANCISCO,89541.3377940857,32001,27039.8803147535,11510.8534918788,5645.53494689678,0.301982089846993,0.128553512550257,0.0630494817921927
-43.8628042486567,-22.2445647357323,BARRA DO PIRAÍ,176658.575440913,33012,47750.52321161,25789.3225973985,12110.5623295805,0.270298359943365,0.145983983698681,0.0685534925171581
-45.0785187450955,-12.295811634806,BARREIRAS,296702.232193108,29001,105435.518471202,19574.8799952938,8601.96422667688,0.355358022391216,0.0659748322437749,0.0289919093735645
-48.6322109243266,-20.6298355255409,BARRETOS,136496.936279491,35009,35275.1552006199,18908.8305100636,8684.44097253392,0.258431845886932,0.138529340111677,0.0636237062108972
-38.7965924066654,-7.18278920691546,BARRO,90625.8940812792,23031,31024.4860648885,11915.0451151634,6091.5153120281,0.342335779187609,0.131475062794715,0.0672160575493449
-37.0988010618236,-9.79021584530538,BATALHA,92837.0769658831,27004,36442.7223816747,9383.90997791498,4326.83339416928,0.392544913871719,0.1010793347292,0.0466067387683841
-47.4548051106738,-21.0116862072777,BATATAIS,107301.768168978,35015,29603.7823186858,15137.148564987,7163.16023382882,0.275892772540953,0.141070821322806,0.0667571500084543
-38.8403258172869,-4.39037181690636,BATURITÉ,188708.81043497,23013,67677.4261302737,22397.770337461,12003.2597491958,0.358634162200899,0.11868958468783,0.0636073097039216
-49.2279930189902,-22.4050019296795,BAURU,567303.059934539,35020,147825.571293393,74935.9751403889,35488.1915057438,0.260576016125227,0.132091611050072,0.0625559670167102
-48.5785914920439,-1.49645629190909,BELÉM,2176328.82365504,15007,687981.569394138,184549.404046223,78238.0025687117,0.316120230507587,0.0847984927830349,0.0359495319449543
-44.0700588411633,-19.8957453364103,BELO HORIZONTE,4833273.14467338,31030,1323433.92655571,528925.405181308,232212.452843523,0.273817325638678,0.109434205216443,0.0480445540512102
-43.9351951978609,-7.4651709690668,BERTOLÍNIA,40936.3161390759,22008,14147.7054689267,5179.6187606508,2531.21835252164,0.345602799745382,0.126528697478633,0.0618330761351888
-48.009641104516,-6.20757145601179,BICO DO PAPAGAIO,198994.877441175,17001,79803.9512076032,18774.3153871379,8837.21374320511,0.401035203688567,0.0943457220032599,0.0444092524231809
-50.2984977284757,-21.4334175843644,BIRIGUI,261028.717700196,35018,67069.7631176195,36239.3851222096,16468.8862746736,0.256944001060651,0.138832943139353,0.063092239121325
-49.1448697423422,-26.8917206334159,BLUMENAU,693575.155276921,42012,181769.48622962,70259.2491449589,29895.4202278294,0.26207612087409,0.101300123873247,0.0431033608980603
-62.0785756480935,3.76385363835698,BOA VISTA,332438.87555371,14001,130040.361134986,18123.0914163491,7324.49319690327,0.391170740541071,0.0545155598488993,0.0220326012855855
-43.7553355945194,-17.3747829978156,BOCAIÚVA,69262.9832805286,31009,23104.9902932146,7224.88076865235,3246.62941183664,0.333583527576842,0.104310851575511,0.046873947064728
-56.3146954710207,-21.5906079734436,BODOQUENA,105805.04071811,50009,36197.4646344143,11375.4563517806,5155.57620546745,0.342114746034197,0.107513368688053,0.0487271321902623
-45.4932540997834,-19.7231073996309,BOM DESPACHO,167108.71846781,31026,47273.0756176296,21327.5856231776,9753.14130371909,0.2828881464179,0.127627007248493,0.0583640482264713
-43.7785774131718,-13.602489039481,BOM JESUS DA LAPA,172537.08303513,29007,66285.309070955,17464.7992884483,8276.48586478395,0.38418007250916,0.101223452844003,0.0479693160403019
-37.7164877246619,-11.3455321117091,BOQUIM,156817.880222753,28012,59560.6517080361,14340.4309015536,6328.33929547031,0.379807784822959,0.0914464019101881,0.0403547050022687
-42.427582389786,-12.8093702293237,BOQUIRA,188232.038881734,29022,63091.2059096088,26694.7245230798,13098.888208292,0.335177827772715,0.141818176553101,0.0695890470406161
-35.992361056033,-6.20897811140138,BORBOREMA POTIGUAR,134977.632762013,24014,46564.508128492,17856.3090856917,9113.27638215364,0.344979439746085,0.132290874571606,0.0675169374041536
-48.3898376862055,-22.9070666339805,BOTUCATU,210656.098058008,35023,58622.0762938681,28206.5011393625,13263.0012200345,0.278283310259195,0.133898336670013,0.062960442836942
-46.5122361078284,-23.0766062602557,BRAGANÇA PAULISTA,507966.099671431,35048,138701.361911179,64788.3341267168,29086.4302444988,0.27305239857718,0.127544602225668,0.0572605736156661
-46.9162455839124,-1.04451362579329,BRAGANTINA,389232.660468269,15010,154443.888395663,33022.366553852,15075.7623601907,0.396790670674598,0.0848396599456074,0.0387320075916901
-69.190333038777,-10.7699637465929,BRASILÉIA,60644.6923234584,12005,24758.8716125567,4702.40772081257,2077.42061282972,0.408261146424838,0.0775403013957348,0.0342556047897722
-47.6770749625526,-15.7854426811683,BRASÍLIA,2635390.66434048,53001,786281.097767303,211485.468324253,85599.2353147016,0.29835466460684,0.0802482422002426,0.0324806627241063
-35.6818921332665,-6.90868162669074,BREJO PARAIBANO,116214.461697731,25015,41076.4365874276,15540.3860056218,8038.90852563559,0.35345374394338,0.133721619311387,0.0691730478995329
-35.7700752021774,-8.49880145516896,BREJO PERNAMBUCANO,216804.2711951,26012,76152.4191985942,28917.140300284,14576.4775561499,0.351249626120444,0.133379015740247,0.0672333505045788
-38.9333880641205,-7.52679858842954,BREJO SANTO,101293.609070817,23033,33871.2115927151,12336.3880365759,6223.47131408732,0.33438646231901,0.121788414390006,0.061439920752911
-41.6264577821265,-14.3832428817409,BRUMADO,233119.128356997,29027,71581.0819680521,33563.5374113268,16421.0135807582,0.307057951325356,0.143975904713953,0.0704404383136299
-52.7097808960648,-30.0742729153295,CACHOEIRA DO SUL,152497.892718041,43022,39873.8659219397,25721.119731952,11868.6009333257,0.26147158633637,0.168665410869046,0.0778279668117775
-41.3097578764596,-20.8625702761484,CACHOEIRO DE ITAPEMIRIM,334664.435109734,32012,93573.0425331493,41328.3222348771,20004.5231368841,0.279602589090375,0.123491826137205,0.0597748701033164
-38.5118526680399,-6.86085664911653,CAJAZEIRAS,169153.45729578,25002,53108.630118447,23932.8111473834,11925.5192855119,0.313967157204371,0.141485793610087,0.0705011855871145
-51.7607600100193,-30.5773268423512,CAMAQUÃ,131255.550161973,43028,37796.9431546043,18808.3096485609,8559.03386523831,0.287964532608045,0.143295347323225,0.065208929105674
-49.4044762818714,-2.37701409455182,CAMETÁ,447711.375573259,15011,192871.132720429,31690.3320081121,13854.1980686,0.430793460348139,0.0707829502154936,0.030944485274382
-55.2947145205876,-30.6805620256841,CAMPANHA CENTRAL,183952.232988082,43030,52736.7439115634,30561.2937601285,14363.6925841453,0.286687163590888,0.16613711757502,0.0780838174716582
-54.14563962393,-31.3970767803142,CAMPANHA MERIDIONAL,173937.70486461,43031,49270.1345033278,26336.5929903534,12511.1610162357,0.283263105844008,0.15141393874809,0.0719289761008064
-56.080521459485,-29.6793290373266,CAMPANHA OCIDENTAL,362506.424406466,43029,110292.157991229,49001.9170217747,21895.4160737482,0.304248836891129,0.135175306484584,0.0604000773492432
-35.923251396459,-7.31630313125118,CAMPINA GRANDE,507235.472117992,25017,158902.449863347,59355.1043025,28799.0415438623,0.31327156438772,0.117016864090083,0.0567764739000018
-47.2123172664226,-23.0050761260134,CAMPINAS,2682410.0088828,35032,698540.66719582,304455.07545079,134371.187724397,0.260415322371525,0.113500573902792,0.05009345598899
-45.2686988530329,-20.9097624892544,CAMPO BELO,112476.064809701,31045,29057.2887404193,17059.3433974676,8160.89475403162,0.258341975153394,0.151670877055758,0.0725567236712902
-54.9503645264566,-20.2560849932228,CAMPO GRANDE,892313.712848173,50004,262608.009763163,92655.1490384679,40490.7147750496,0.294300094217924,0.103836966421509,0.0453772190116942
-41.5859452614962,-4.81770844408698,CAMPO MAIOR,221471.27597793,22004,76221.8435977908,28717.6777004085,14020.9222036948,0.34416130607107,0.129667730379945,0.0633080842731587
-50.1464483531509,-28.0551107890261,CAMPOS DE LAGES,284009.750766375,42010,86023.0192247341,34398.7018236067,14682.6609283585,0.302887555770916,0.121118031091485,0.0516977353373914
-45.7555212914013,-22.8696526434132,CAMPOS DO JORDÃO,69359.6695900957,35049,20806.167864697,7496.1487482629,3194.79495995472,0.299975014120714,0.108076477188601,0.0460612770913621
-41.4725103460251,-21.6310877118548,CAMPOS DOS GOYTACAZES,595333.546148845,33003,173855.63738615,75122.5257657653,34299.3553497128,0.29203064149636,0.126185608473982,0.0576136782003836
-52.8149456753193,-13.6019605511548,CANARANA,101968.642398358,51010,36122.8154801259,7990.59416412142,3252.94072625047,0.354254157263426,0.0783632494870805,0.0319013831089591
-39.3300307067407,-4.33424102092621,CANINDÉ,126227.150908679,23012,47583.7357087138,15081.840973163,7697.19566411037,0.376969101862554,0.119481750674022,0.060978922590743
-50.2919808544055,-26.2871318605167,CANOINHAS,245019.322392905,42006,77588.666626264,26617.7143979363,11611.6666691021,0.316663460940624,0.108635164516752,0.0473908202655217
-42.315225427975,-21.9558874041437,CANTAGALO-CORDEIRO,63466.0787372564,33006,17713.3413587116,9098.0863604704,4209.44015334005,0.279099350568722,0.143353529026673,0.0663258269156148
-48.530304074578,-24.2465608048358,CAPÃO BONITO,134322.180744173,35044,45440.3172604334,16146.2034988628,7060.54259112248,0.338293474753646,0.120205042900655,0.0525642343803951
-42.6219641758949,-17.4177179682764,CAPELINHA,198615.828756524,31011,72087.5172744522,19648.1084455861,9083.34036537494,0.362949507729424,0.0989251892389301,0.0457332148310791
-61.2185361527802,1.57346596527179,CARACARAÍ,43418.1922705485,14003,18851.70416393,2895.56322012549,1018.6630800669,0.434189061729258,0.0666900916114284,0.0234616649564629
-45.4328776586019,-23.7277144250265,CARAGUATATUBA,288962.118472393,35054,88398.6415001029,28824.7756652271,11859.5699989664,0.305917751321263,0.099752783574574,0.0410419540861009
-42.073072194929,-19.5636418956617,CARATINGA,254858.961880984,31040,78305.2171702831,33522.0387171547,16568.2118731037,0.307249219695286,0.131531724329981,0.0650093359512344
-53.0767051332203,-28.0192955527341,CARAZINHO,160064.94629159,43009,43092.3764176125,24055.1724491884,11055.9969219853,0.269218073138332,0.150283825450246,0.0690719434712748
-37.5939423261987,-10.3853811707051,CARIRA,69360.2270492034,28002,23180.2038174403,8202.99621274562,3773.21169679458,0.334200229780051,0.118266570940238,0.0544002212408836
-39.3685992418064,-7.29001407508805,CARIRI,542057.783652804,23032,185306.326846092,60495.6838077936,29586.596881026,0.34185714592521,0.111603754492975,0.0545819980328456
-36.8392594353934,-7.62986608974556,CARIRI OCIDENTAL,122477.375179337,25010,39117.1028944528,18531.8592559996,9780.89855960405,0.319382276417793,0.151308429241437,0.0798588191923807
-36.3285425297138,-7.48640074272729,CARIRI ORIENTAL,64130.9635179106,25011,21142.4884694902,9295.83923129014,4630.04902267432,0.329676763137754,0.144950874294817,0.0721967793510734
-39.4783846530082,-6.95851263546517,CARIRIAÇU,56868.9116631901,23030,20677.746855854,7885.75941857885,3824.96189832563,0.363603702816036,0.138665558878334,0.0672592772828013
-38.0729079324122,-4.372286994377,CASCAVEL,136526.065905229,23015,45296.7368023442,16260.7731482882,8113.88835621404,0.331780869111013,0.11910379926699,0.0594310566441312
-52.771853071827,-18.9927765576786,CASSILÂNDIA,61969.0848452673,50005,18421.9817621714,6233.32957290549,2700.44227197429,0.297276969769199,0.100587729970028,0.0435772495062193
-48.0616152522905,-1.39272640421699,CASTANHAL,303628.021180009,15008,112108.607406383,22277.3936623,9461.34879345653,0.369230109166765,0.0733706776328547,0.0311609869098586
-42.6552926406584,-21.5154417078496,CATAGUASES,217613.899191341,31066,56968.5317364942,33756.2619398778,16196.2749998173,0.261787192583704,0.155119971956373,0.0744266568450042
-47.8485492499592,-17.7270908231029,CATALÃO,150910.337409232,52017,41742.3329832017,17178.4888671178,7447.98037069604,0.276603536244218,0.113832419713793,0.0493536791353062
-48.894822449843,-21.0744863365242,CATANDUVA,223758.249125928,35005,56323.2979790828,31803.8738646708,15445.5204034863,0.251714956651206,0.142134978213796,0.069027713900254
-37.6206521152943,-6.34348197474543,CATOLÉ DO ROCHA,117076.696560273,25001,37042.1789410447,14284.0300418623,6993.79223392027,0.316392416504293,0.122005748893919,0.0597368429362861
-38.2723052291919,-12.4187213300358,CATU,214821.30047238,29019,68563.9177422298,19451.2093224365,8787.73059654613,0.319167222204974,0.0905459993011136,0.0409071659896965
-43.5433466650376,-5.40714858816039,CAXIAS,422505.72396234,21017,160749.016715254,41755.4956163142,19617.3172441386,0.380465890988927,0.098828236514107,0.0464308910661934
-51.2584968902759,-29.0952340705879,CAXIAS DO SUL,783709.887673036,43016,192187.805231531,96374.9110593662,42825.7901595148,0.245228251237417,0.122972687438612,0.0546449532322115
-49.5024910375644,-14.9569383032526,CERES,233400.06052878,52006,66909.8378726323,28741.0399845835,12802.7268466896,0.286674466669137,0.123140670655651,0.054853142787043
-54.8379603848921,-28.1254837157613,CERRO LARGO,65644.5840247014,43006,15972.6043886773,11834.9727905645,5435.28425957827,0.243319454696628,0.180288640203907,0.0827986701466953
-37.6836705036866,-5.66958173185855,CHAPADA DO APODI,72690.7159819502,24002,21722.9276785901,9057.76005493473,4524.86057667585,0.298840469310883,0.124606835034942,0.0622481222746439
-39.9424997964717,-6.95452619204629,CHAPADA DO ARARIPE,96071.3531522967,23029,36127.3265475283,12318.9508751114,6126.30219265607,0.37604681689304,0.128227098618907,0.0637682513219563
-47.3574727917573,-13.7771761694942,CHAPADA DOS VEADEIROS,63472.8776309073,52005,23157.2028901591,6117.06505442396,2721.64752357537,0.364836190739886,0.0963728963100507,0.0428789055287782
-45.6267347127362,-6.90511827039747,CHAPADAS DAS MANGABEIRAS,68731.9681371147,21021,27559.6049040237,6876.97049492839,3230.5037229926,0.400972148055539,0.100054904309002,0.0470014726851414
-44.5817862998728,-6.41104172197358,CHAPADAS DO ALTO ITAPECURU,211734.249207733,21018,82587.9009241768,22175.6756034552,10344.3362010582,0.390054519914487,0.10473353123754,0.0488552808048988
-44.4820388262208,-10.0793113802897,CHAPADAS DO EXTREMO SUL PIAUIENSE,83308.0822132532,22012,32341.412534396,8292.60274824341,3877.36626678492,0.388214584649879,0.099541395359647,0.0465424982039507
-43.2953883167498,-3.49968434857219,CHAPADINHA,224832.845893348,21014,97204.0477977117,19427.6325237683,9130.72454696042,0.432339178074638,0.0864092274710791,0.040611168313422
-53.0509101378836,-26.7726913234807,CHAPECÓ,410215.518043084,42002,116639.583842938,46125.6872512158,19410.900572257,0.284337326874814,0.112442570362175,0.0473187866340501
-38.5367026867025,-4.48577891480656,CHOROZINHO,63098.7116508867,23014,22123.8351404794,7134.38273755012,3467.38839678152,0.350622612754543,0.113067011209727,0.0549518097289517
-44.0331438290786,-4.50504516759327,CODÓ,266930.619701738,21015,106409.243556447,27305.2752313533,12804.5306011057,0.398640079865493,0.102293529539112,0.047969508389158
-43.3637587879719,-4.47117458596062,COELHO NETO,88718.2452626499,21016,37967.8512574361,7862.48516284452,3589.99923541587,0.427959898722439,0.0886230914460456,0.0404651740438249
-40.7393560223759,-19.4554762130219,COLATINA,201354.886430609,32003,55579.6785321174,24862.3155572901,12020.7071045754,0.27602845660898,0.123475104071329,0.0596991079663616
-55.2408197992222,-10.5283068167534,COLÍDER,145222.254709206,51003,48564.7771462933,13223.0326722765,5337.69492172145,0.334416906303651,0.0910537623779112,0.0367553508407489
-50.1319431916282,-8.42560630313906,CONCEIÇÃO DO ARAGUAIA,141538.061017324,15022,54640.3857225103,10374.008514172,4059.76279199996,0.386047295898893,0.0732948327793064,0.0286831878494016
-43.3326752073654,-18.761120274145,CONCEIÇÃO DO MATO DENTRO,84197.0135462319,31028,30236.5155109496,11268.9745625005,5785.92589692907,0.359116246971716,0.133840549538171,0.0687188969446293
-52.0485564093268,-27.1475464127711,CONCÓRDIA,142445.785598859,42005,37041.0480207467,19578.740465057,8498.78521742934,0.260036110335043,0.137446961893227,0.0596632970340222
-43.9087991916704,-20.6637980230719,CONSELHEIRO LAFAIETE,250447.408275832,31034,68793.9251899414,28818.6481963819,12618.5187474246,0.274684116971076,0.11506866209868,0.0503839062831391
-40.6704708728787,-3.50498718380422,COREAÚ,56552.5066739957,23003,21512.6180653759,6425.86222732073,3023.44484654414,0.380400787349501,0.113626479271086,0.0534626142033488
-44.5284228294472,-11.7098019937259,COTEGIPE,115275.529137999,29002,40938.7588250625,13800.5735374074,6612.54643111486,0.35513832928109,0.119718153892718,0.0573629674967601
-37.1471558333158,-10.5438757454597,COTINGUIBA,47630.1709252463,28008,18051.9790783489,4577.46510548602,2157.37715722609,0.379003029543622,0.0961043182622664,0.0452943400226718
-49.4008582077507,-28.6106652637134,CRICIÚMA,374723.680365371,42019,102729.040316842,37892.9974981273,15659.4131965268,0.27414611272145,0.101122505685203,0.0417892276817367
-53.5305526620829,-28.6956020493804,CRUZ ALTA,149692.275531988,43011,40539.2506664581,22748.4723513612,10214.738435226,0.27081725174119,0.151968244657354,0.0682382467560473
-72.6342222880734,-8.78105925258663,CRUZEIRO DO SUL,135506.807232309,12001,64700.6009750841,7590.58711319933,3191.76022146371,0.477471223007736,0.0560162789474204,0.0235542426735201
-55.8949368214508,-15.8974655648135,CUIABÁ,864724.739577039,51017,262472.308064963,72780.8563256603,28864.9586853692,0.303532784540599,0.0841665017717193,0.0333805167867498
-35.8994476934492,-6.8570154599636,CURIMATAÚ OCIDENTAL,121174.518809592,25012,40852.9464926703,17866.9670122152,9363.49015913458,0.337141396508162,0.147448219210926,0.077272765356287
-35.6669568487981,-6.6572180600237,CURIMATAÚ ORIENTAL,93463.8670190772,25013,33210.6491437273,13271.0962912703,6883.57751761193,0.3553314259611,0.141991731291853,0.0736496117393356
-50.836484699019,-27.2812158157323,CURITIBANOS,123371.026141855,42009,40339.4505366992,13689.1784735266,5703.28607604419,0.326976696216469,0.110959427846426,0.0462287317727781
-44.3584189676071,-18.3945507252207,CURVELO,151435.121706269,31025,45549.6644160545,20242.0428976327,9744.02942077121,0.300786659678623,0.13366808617155,0.0643445807748032
-43.598359168385,-18.1454846015084,DIAMANTINA,82769.9052230638,31010,26747.4590515578,9847.55461053794,4827.02001371137,0.323154399892977,0.118975062059077,0.058318539820755
-47.47182135167,-12.0836759090798,DIANÓPOLIS,118788.884355257,17008,45251.247409959,12745.6204666935,5790.7171580784,0.380938398870958,0.107296406863925,0.0487479715758617
-44.9961260733434,-20.1623294639411,DIVINÓPOLIS,494885.639717136,31043,136765.891742863,52824.865008458,23180.2708588436,0.276358578157642,0.106741559602844,0.0468396514234943
-55.4669996336272,-21.9021823588661,DOURADOS,512538.002398837,50010,171731.254358645,47567.2929563138,20856.4284867768,0.335060529277612,0.0928073483989169,0.040692452831131
-51.6402027187947,-21.4409086649986,DRACENA,117085.67867224,35034,28523.2088325358,18853.0861996129,9212.91982934222,0.243609715176022,0.161019574839623,0.0786852835788063
-47.761113271281,-15.8185299462612,ENTORNO DE BRASÍLIA,1082663.07912299,52012,394358.842616709,68853.4439371586,26868.6560183712,0.364248906442954,0.0635963720060846,0.0248171906260405
-37.8851566535099,-12.0309594340205,ENTRE RIOS,116977.357285629,29018,46641.8152335624,10272.2447360816,4891.70602232854,0.398725157721548,0.0878139579696553,0.0418175460263154
-52.3417192140024,-27.5520149333278,ERECHIM,211495.58696515,43004,52233.3749626634,34286.8236762911,16096.1669722864,0.246971465041824,0.162116024113264,0.0761063963709974
-35.8665255213274,-7.03731744972678,ESPERANÇA,54228.0449636252,25014,18057.9085168498,7502.67553368525,3819.76637166341,0.332999438371098,0.138354158604056,0.0704389467521024
-37.3625136512964,-11.2670593047404,ESTÂNCIA,125044.025245978,28013,46779.3500093821,11048.9220135186,5100.00715249715,0.374103040248113,0.0883602554523008,0.0407856924188482
-39.5502452161337,-10.7135870601853,EUCLIDES DA CUNHA,298424.779472774,29014,106854.078854265,39427.6424330449,18710.6050897493,0.358060342854382,0.132119197684259,0.0626978936628696
-39.046647024255,-12.1827349800363,FEIRA DE SANTANA,1001103.16837462,29012,319550.349572588,106151.433790349,50040.4962855328,0.319198220190839,0.106034459927537,0.0499853540237796
-32.4329569444714,-3.85982629634461,FERNANDO DE NORONHA,2703.67600785883,26019,684.7371548637,86.8536177510103,34.7822962966844,0.253261542016633,0.0321242698823939,0.0128648167145701
-50.2949433782086,-20.223942988878,FERNANDÓPOLIS,105100.843069349,35002,24885.1454028199,17544.1603392048,8385.17515765882,0.236773984642538,0.166926923008872,0.0797821874000194
-43.319483700301,-7.12956775348777,FLORIANO,121782.999624134,22009,39959.5048819114,15074.0761783713,7505.60309797228,0.328120550530377,0.123778164644452,0.0616309593386374
-48.5349398671555,-27.5122290884137,FLORIANÓPOLIS,899269.500191284,42016,229735.68823144,94812.0027839419,38886.4815923048,0.255469231618077,0.105432245576854,0.0432423000936129
-45.4037528883897,-20.4208034569986,FORMIGA,152992.052424202,31044,38494.0577992683,21714.6958017745,10048.3236396119,0.251608218788618,0.141933489078021,0.0656787295836182
-38.5896725866299,-3.90747204031474,FORTALEZA,3411633.77298751,23016,1044627.42034269,323197.895194192,145710.678381223,0.306195649900584,0.0947340531545896,0.0427099413585728
-47.4485378336736,-20.5724326150406,FRANCA,390977.669580395,35012,112777.069155531,46139.1718490989,20009.2491898987,0.288448875549762,0.118009736716208,0.051177473156902
-46.6497194563774,-23.3363158004459,FRANCO DA ROCHA,463497.280871955,35058,147414.310867476,37805.4354240961,13440.0446928573,0.318047843970415,0.0815656034766257,0.0289970302901739
-53.1657005117491,-27.4204052981756,FREDERICO WESTPHALEN,173511.487891605,43003,47432.0490563412,27497.9032703367,12422.6732386731,0.27336546780103,0.158478862722421,0.0715956815864187
-49.5404419929454,-19.5322291670175,FRUTAL,182568.28161925,31021,49657.3137558524,22236.6780004233,10019.680152036,0.271993104801269,0.121799240279855,0.0548818231905815
-50.0527046121798,-0.9796932443512,FUROS DE BREVES,208902.737044778,15005,104223.182519459,12073.6623543938,5340.26902431828,0.498907692612561,0.0577956159176883,0.0255634229587599
-36.5611608397512,-9.04908149288355,GARANHUNS,445244.712356627,26011,159385.285366775,53948.1845242459,25624.8152992149,0.357972326101679,0.121165244700391,0.0575522057602567
-46.409869958423,-8.40777755498926,GERAIS DE BALSAS,133569.359550006,21020,53810.0653913205,10294.5360421646,4772.87165927766,0.402862344871654,0.0770725866834038,0.0357332825084841
-49.3253560179176,-16.6811174021575,GOIÂNIA,2169810.7030678,52010,630129.901402508,192877.404137873,79869.0721752823,0.290407776361134,0.0888913506902569,0.0368092350463379
-41.8627567567455,-18.6416277742087,GOVERNADOR VALADARES,417819.924614972,31037,129797.625492155,53889.6003195315,26029.6821181321,0.310654465824638,0.128978052851816,0.0622988052619053
-50.8265500541116,-29.5539974102257,GRAMADO-CANELA,300971.800599172,43024,81831.3497525574,35598.3305742961,15302.2769575818,0.271890421593147,0.118277959939859,0.0508428926800392
-42.9959324523085,-16.6778637806469,GRÃO MOGOL,42896.0352240438,31008,16609.2671134173,4210.70982783037,1881.35661268258,0.387198188053231,0.0981608161648984,0.0438585198575195
-47.4425543911323,-2.25551524766147,GUAMÁ,443061.142945823,15013,193528.760918173,30924.8505707821,13046.9910383787,0.436799218345891,0.0697981555438807,0.0294473827057637
-42.5767006214,-14.0930288958472,GUANAMBI,373287.927661183,29026,117641.930746376,46541.9525593941,22920.7813425739,0.315150643856756,0.124681108363189,0.0614024179302634
-42.8522562853228,-18.7228148820894,GUANHÃES,131276.155910264,31035,44011.0324435693,17965.9426899174,9196.05815828359,0.335255341218657,0.136856099764212,0.0700512449844258
-51.8529536991,-28.7791928621848,GUAPORÉ,128596.679968346,43014,30426.3417587459,20492.9409255901,9398.02427820625,0.236602856047569,0.159358242612752,0.0730813912188056
-35.403195605646,-6.78388680647473,GUARABIRA,165521.172482332,25016,55066.9267280728,22659.7069772611,11646.6683142596,0.332688114168299,0.136899144909572,0.0703636165669546
-40.7897636307325,-20.5955760253164,GUARAPARI,188272.018775635,32010,54111.7356948686,21996.3589144784,10050.3459707093,0.287412521769121,0.116832862671386,0.0533820481453827
-44.9761319232218,-22.7116289460074,GUARATINGUETÁ,405395.620518614,35051,110709.961048909,51087.7402905294,22354.0168849653,0.273091161930364,0.12601946766266,0.0551412392081796
-46.365340341379,-23.3761747705705,GUARULHOS,1367899.34370684,35059,419310.276372478,117882.480504142,45725.0391470592,0.306535914577017,0.0861777447635107,0.0334271957636516
-48.9196533008802,-11.8235037076761,GURUPI,139038.837586464,17005,45774.0016904893,13519.4429138803,5893.63385243331,0.329217379007674,0.0972350110843885,0.0423883999229226
-45.8188983223057,-1.77594472066246,GURUPI,226352.488701363,21007,98957.1238172715,16507.0295324412,7097.177805197,0.437181514482177,0.0729262117997726,0.0313545384277203
-40.9782733561709,-4.00515466009542,IBIAPABA,299537.143888857,23002,114821.716959939,32997.0399706765,16450.8480096458,0.383330479383029,0.110160094144852,0.0549208949383249
-54.4529762339204,-22.9887794033745,IGUATEMI,229155.074438097,50011,78614.1434331558,23911.64881734,10710.0312736268,0.343060888465694,0.104347018611623,0.0467370460806441
-38.961918002163,-6.36857713167378,IGUATU,224366.206028039,23026,70910.8739076517,30494.7700339116,15048.751964843,0.31604970803308,0.135915165540129,0.0670722754163896
-53.790544011176,-28.1897651110493,IJUÍ,184301.481951303,43008,47357.9568656207,28418.0158220386,13075.8123185408,0.256959175608441,0.154193094494744,0.0709479499573189
-39.5393856608508,-14.49798670292,ILHÉUS-ITABUNA,1012447.95414788,29031,337644.42104206,115195.75400059,55477.186796924,0.333493114049735,0.113779432837654,0.0547950999057683
-47.0914352515593,-4.87076066697671,IMPERATRIZ,573539.066081746,21009,215671.210631463,48730.7833808985,21539.2199770887,0.376035780971062,0.0849650638688193,0.0375549308685082
-42.6487191500599,-19.3710412641366,IPATINGA,532978.609736318,31039,154323.348898154,57063.8803582371,25919.1138936311,0.289548860083714,0.107065985981067,0.0486306831459036
-50.9693744142444,-16.4436233668036,IPORÁ,58732.6880720649,52008,15283.5891121867,9277.31344515851,4231.06123167459,0.260222877819483,0.157958263953035,0.0720392914161035
-40.8338960638863,-4.52062830670546,IPU,137639.021462918,23006,50455.94718127,19270.5460957144,10127.1859918568,0.366581705137038,0.140007869068628,0.0735778697364916
-41.9640524120086,-11.5463505819353,IRECÊ,375936.310963722,29009,134313.989749178,41720.5557968613,19147.0100925053,0.357278575737633,0.110977723034813,0.0509315262561933
-35.4505484267758,-7.29579871516213,ITABAIANA,108770.110923108,25018,36891.5685975011,15059.2632056193,7575.95063259033,0.339170092633083,0.138450380144092,0.0696510334345984
-40.5279002288341,-12.1853848633201,ITABERABA,249544.913384545,29011,89242.992815361,31231.4592199829,15433.4941559319,0.35762296896767,0.125153659901918,0.0618465587881936
-43.2117610104413,-19.7332293451652,ITABIRA,382281.589003243,31031,109159.901334574,47957.6658381468,22791.6886507081,0.285548413720881,0.125451152285913,0.059620157774626
-43.8531951776185,-22.9100270936436,ITAGUAÍ,230341.995036556,33017,70170.4127805685,23808.8763623801,9580.71926490189,0.304635777637648,0.103363159456015,0.0415934543910736
-44.2507960386397,-20.3869845374189,ITAGUARA,61765.4613060644,31032,16715.1666971278,9483.04944766459,4418.54247412312,0.270623198526757,0.153533208481574,0.0715374317732051
-55.6057118759442,-6.46510700322064,ITAITUBA,211108.20277208,15014,85777.6877126229,12749.0702731067,4799.13414138063,0.406320960466095,0.0603911648419983,0.0227330538480399
-48.5660765738413,-27.1072548816221,ITAJAÍ,593177.119838871,42013,170439.421534614,59228.7935089474,24030.3973755181,0.287333101419879,0.0998500979353959,0.0405113356058737
-45.5304491395414,-22.3908090782314,ITAJUBÁ,190055.328153652,31056,52431.1170671128,25716.5846533807,11964.6963984383,0.275872913306195,0.135311042859004,0.062953754123459
-34.9283516706798,-7.77176839907333,ITAMARACÁ,169894.273980294,26016,55024.41379147,15033.3687754299,6557.69999790562,0.32387444557344,0.0884866124279948,0.0385987110940904
-46.9180402856002,-24.1965625910736,ITANHAÉM,223376.877460383,35056,69127.1813517959,33904.9852824525,14214.0405874311,0.309464355208635,0.151783773092028,0.0636325511800207
-38.505897846018,-8.62953838361717,ITAPARICA,136329.611822201,26006,51799.2595738458,13319.3948835203,6126.3346502175,0.379956040961972,0.097699939913944,0.044937666647268
-46.9055690473629,-23.7540639638659,ITAPECERICA DA SERRA,1008602.53335738,35060,316169.777855869,81893.6601370467,30076.6078120037,0.313473114928058,0.0811951759276704,0.0298200795826739
-44.1981324200344,-3.51950993659162,ITAPECURU MIRIM,218247.065702841,21006,90833.428109234,18240.9511504962,8325.73007073064,0.416195415121458,0.0835793649355752,0.0381481878985109
-41.0741437929133,-21.027784452406,ITAPEMIRIM,76282.900494103,32013,23355.5578045348,8942.43265996054,4053.54380298427,0.306170290500953,0.117227223952396,0.0531383019881058
-41.7864415320761,-21.0603719092402,ITAPERUNA,196878.196778638,33001,52619.2168873016,28366.8940268833,13493.8733574768,0.267267872970537,0.144083471359593,0.0685391962048941
-40.1910465527856,-15.5080696035933,ITAPETINGA,196540.223791253,29029,65256.4316142665,23148.7638615178,11033.5192103378,0.332025833467942,0.117781304075976,0.0561387333213615
-48.1978765340726,-23.5729666614364,ITAPETININGA,194955.144431,35042,57481.2373625349,22073.5900756158,9796.82023591115,0.294843398620235,0.11322394256402,0.0502516630915503
-48.9457218061361,-23.8089311240577,ITAPEVA,241324.034046071,35041,78302.5510059282,27827.5611503183,12444.9835239738,0.3244705870903,0.11531201714043,0.0515695984163681
-39.5639177131408,-3.36640824241609,ITAPIPOCA,211090.955629223,23008,81315.3292954235,22005.5121564285,11248.7376925107,0.385214653337646,0.104246589300021,0.0532885819715975
-38.4109917470597,-7.48516816029556,ITAPORANGA,84119.8816546463,25006,28265.4558311097,10282.7271740861,4851.17294051449,0.336013975235407,0.122238963867089,0.0576697547011651
-49.8200015405151,-19.1372103110752,ITUIUTABA,144537.558597718,31017,38214.0770294375,21725.7321207887,10396.5359799655,0.264388560317366,0.150312018077298,0.071929649849016
-49.4966605559465,-27.4074658738099,ITUPORANGA,56291.6569826169,42014,16997.2243517847,6430.51638701374,2753.54813607213,0.301949263228003,0.114235691960524,0.0489157414023616
-47.7631283984,-20.3198795005111,ITUVERAVA,96420.5631111051,35011,26366.4067715161,13172.4712287718,6046.93044862663,0.2734521135407,0.136614751083679,0.0627141167144894
-48.5410123105249,-21.161676255329,JABOTICABAL,410762.449791169,35013,109891.197620189,55650.5887746771,26323.3412189692,0.267529803846621,0.135481197959964,0.0640840983209443
-40.5453186769136,-11.3111153825135,JACOBINA,327884.560652654,29010,113624.934610749,40869.1487657496,18936.6994490277,0.346539447861096,0.124644931998017,0.0577541663179693
-53.1967902950845,-32.1877364151144,JAGUARÃO,52668.289380014,43034,14618.5166028541,8994.73454353041,4092.89291393313,0.277558219090392,0.170780836997217,0.0777107622463671
-47.1182100234982,-9.40431966695616,JALAPÃO,73081.0116309635,17007,30733.5574841406,7175.07896977545,3371.31600960771,0.420540942144255,0.0981797981397327,0.0461312170476213
-50.6537341944716,-20.3092155607163,JALES,149484.528906841,35001,34982.2848397976,26480.862006732,12484.0069593204,0.234019433954925,0.177147843996852,0.0835137057367347
-43.26584949416,-15.5608533722354,JANAÚBA,248543.53688945,31004,82307.6629762888,28400.9921997183,13001.5661309489,0.331159940855347,0.114269687134737,0.0523110208121479
-44.8583169211775,-15.6054691935121,JANUÁRIA,275877.694575119,31003,106308.214615995,30420.455174267,14242.8959923579,0.385345450924261,0.11026790412004,0.0516275736401723
-36.8255294767751,-10.5564758288607,JAPARATUBA,55386.7463219392,28009,20889.4010223511,5113.87606858209,2302.63515205002,0.377155229536865,0.0923303210276577,0.0415737573510058
-48.6022374708779,-22.2035200450602,JAÚ,350519.274446789,35021,94368.4792550922,45383.5295146636,21658.5320173657,0.269224793426924,0.129475132533841,0.0617898460834957
-58.380852241367,-15.4164246353117,JAURU,107624.79431595,51014,34232.6388030074,11278.5162324348,4993.59869599043,0.318073906859344,0.104794776186284,0.0463982182519292
-39.8458515536817,-13.5152985451326,JEQUIÉ,506258.545976519,29024,167370.582988309,61964.8215219768,32141.5733383301,0.330602978099794,0.122397581264437,0.0634884558369921
-38.315005830269,-9.9149397815721,JEREMOABO,98625.3893318341,29013,36771.254559269,11302.2205493198,5291.82319046131,0.372837611170779,0.114597474604561,0.053655790119687
-51.349772738935,-26.8794273320054,JOAÇABA,329047.483914757,42004,98693.7279879748,37195.6763514468,15942.8701125217,0.299937646730471,0.113040452122353,0.0484515788507044
-34.9395653988613,-7.02991243365978,JOÃO PESSOA,1054683.47177855,25022,314357.361312279,107855.6559313,48304.890893707,0.298058488374876,0.102263531018856,0.0458003677750339
-48.9613840672677,-26.3709275370213,JOINVILLE,863134.242373336,42008,243082.944064627,80302.6204042596,33010.849998975,0.281628201189457,0.0930360730255049,0.0382453254411573
-41.305900509477,-9.88799008413646,JUAZEIRO,459939.024226626,29004,168687.650994101,43741.0586763077,19429.4261054764,0.366760901138458,0.0951018643174646,0.0422434824662822
-43.5859549037418,-21.7024798490081,JUIZ DE FORA,736114.918151407,31065,187438.832306685,105547.393401823,48891.58575176,0.25463256848183,0.143384396646765,0.0664184144977535
-46.9263512718188,-23.1889705868348,JUNDIAÍ,645925.528777461,35047,170815.315925411,74137.732102542,33219.9425413635,0.264450479684109,0.114777522794094,0.0514299885379026
-41.9883500862495,-22.7688541159171,LAGOS,559327.588852083,33010,165409.028825686,69271.3382048345,29370.2325113119,0.295728356910048,0.123847526182288,0.052509894195616
-52.0801392481196,-29.3689419401176,LAJEADO-ESTRELA,308899.150872649,43021,75354.6193907706,46990.8785395685,21788.0210966933,0.243945699358161,0.15212368958224,0.0705344156341691
-44.9432406806524,-21.3352138757158,LAVRAS,151435.065013103,31057,41296.3217906416,19585.6837869867,8982.25354915091,0.272699865035013,0.129333875118633,0.0593142251985939
-38.8308785362168,-6.73315920775056,LAVRAS DA MANGABEIRA,56726.5028767409,23028,18513.5968382446,8524.55223858407,4442.44805918381,0.326365911864375,0.150274594876874,0.0783134484570052
-42.9993624101143,-2.72237513831107,LENÇÓIS MARANHENSES,182127.740432209,21004,84526.5780439251,13626.3680237841,6115.42307434597,0.464106005177105,0.0748176416807636,0.0335776585150258
-47.3516485466031,-22.383242820055,LIMEIRA,586859.747678107,35027,157204.653418445,69438.317353021,31114.380240365,0.267874315865793,0.118321826684743,0.0530184262312556
-40.2759897001393,-19.5130691339773,LINHARES,315776.204797454,32006,100465.281157004,28752.89595634,13027.7995632965,0.318153425212787,0.0910546631427873,0.0412564321357047
-49.9502251959658,-21.735585373505,LINS,161790.384629873,35019,43128.2334446281,22938.1230403312,10974.0172461545,0.266568582201547,0.141776800227075,0.0678286121345201
-37.7985335758228,-4.51603459183092,LITORAL DE ARACATI,111335.035223589,23022,35551.8513666031,12814.4802122103,5588.64523720285,0.319323124973247,0.115098362222418,0.0501966449822323
-40.5612100133629,-3.12501051412951,LITORAL DE CAMOCIM E ACARAÚ,366191.995826282,23001,140297.03983752,37639.4250224759,17517.0848265178,0.383124266604876,0.102786039704515,0.0478357938627029
-52.630182009025,-32.6288801709125,LITORAL LAGUNAR,260869.715043139,43035,71870.3409888747,37522.008833954,17161.7000950266,0.275502815560595,0.143834284588187,0.0657864792476532
-35.4522693111661,-5.37677435000278,LITORAL NORDESTE,85085.7591941815,24016,32901.4489542497,8768.94312025661,3970.49519878078,0.386685730559945,0.103060056151632,0.0466646267998781
-35.1025435238753,-6.82671186236752,LITORAL NORTE,143607.19125047,25020,51504.3325712324,16545.566190077,8098.54898566004,0.358647308137946,0.115214050536086,0.0563937565740359
-35.3390129292099,-9.09437864704301,LITORAL NORTE ALAGOANO,67808.2682937856,27010,27750.0875524914,5145.36352673506,2238.71484110473,0.409243418992233,0.075881063713975,0.0330153666718827
-44.7987178944113,-1.73536700243468,LITORAL OCIDENTAL MARANHENSE,184890.67421298,21001,71481.2143579872,19581.6941426578,9570.82182864501,0.386613411748645,0.105909582654781,0.0517647624434543
-41.5027666094786,-3.5010403912986,LITORAL PIAUIENSE,307110.103376455,22002,106522.82046864,33233.0332209905,15690.0769910564,0.346855473973333,0.108212113035739,0.0510894197831829
-35.1081538784907,-6.3434763373402,LITORAL SUL,130924.960391974,24019,48530.2109377336,13054.0109841943,6341.31558869109,0.370671954319785,0.0997060525747886,0.0484347336803152
-34.9425023283728,-7.40716618735734,LITORAL SUL,83400.5323198485,25023,30985.0416478841,7420.93868025285,3449.18192554592,0.371520909831291,0.0889795121665757,0.0413568334590239
-42.1192874675726,-13.5128296192035,LIVRAMENTO DO BRUMADO,98532.8766975602,29025,29366.8889094174,13307.409732345,6464.10307940994,0.298041525769688,0.135055528452612,0.0656035152536047
-42.6739388172497,-22.6707754776796,MACACU-CACERIBU,111193.390224936,33016,31607.3956465984,13659.7205112304,6176.05874808811,0.284256065784657,0.122846515279351,0.0555433981785645
-41.7030204287133,-22.1899430359837,MACAÉ,273728.069045758,33004,79635.2797649412,23276.037338743,9581.26515209997,0.290928438733219,0.0850334327052592,0.0350028595368431
-35.2864156465258,-5.78504994731175,MACAÍBA,294747.257460826,24017,104122.519370466,27939.5049565599,12596.6126205214,0.353260350129991,0.0947913992389675,0.0427369968733146
-51.6962926332967,1.10105855014656,MACAPÁ,566723.803233118,16003,227438.921307892,30888.7593304464,13297.9407266565,0.401322337283823,0.0545040796843688,0.0234645883070248
-36.3911783987435,-5.14114629409888,MACAU,53429.0729943917,24008,17703.8489138687,5442.05892385266,2633.55087544785,0.331352350352906,0.101855761645423,0.0492905964459516
-35.8029854360128,-9.56645650841011,MACEIÓ,1160458.33842716,27011,378038.564792014,99172.4025277971,41301.6540364837,0.325766597794792,0.0854596836817178,0.0355908115516342
-42.1021500925713,-20.2622001481891,MANHUAÇU,276407.573093484,31061,89311.5442010981,30965.2913696053,15113.2725066109,0.323115402380426,0.112027651858629,0.0546774906977653
-41.3445796669267,-18.625264451598,MANTENA,63358.4414835938,31038,18518.8246332982,9206.85840078855,4606.64882423438,0.292286618794017,0.145313839564261,0.0727077358022961
-49.7535855117616,-5.74201084038521,MARABÁ,293732.847218999,15020,116083.300595461,18192.9229113575,7817.91865176905,0.395200270226885,0.0619369712431017,0.0266157453134284
-49.9728440100149,-22.1706298011601,MARÍLIA,332661.274693802,35038,85927.7472179757,47758.1054320073,22551.5065118207,0.258304028014887,0.143563766104024,0.0677911985174057
-35.6562241166728,-9.20977823998294,MATA ALAGOANA,303484.168513452,27009,126098.076522681,24464.171255987,10686.8547063651,0.41550133287131,0.0806110294840722,0.0352138787295304
-35.4850332258458,-8.63447956203605,MATA MERIDIONAL PERNAMBUCANA,565147.538282905,26015,207943.91505792,52101.359568852,23360.75078772,0.367946245841782,0.0921907219611222,0.04133566760053
-35.1424216780599,-7.64054945291637,MATA SETENTRIONAL PERNAMBUCANA,539565.371350256,26013,180215.590638347,57087.5220687549,26012.9126432292,0.334001402253371,0.105802790727459,0.0482108638256978
-52.6011284337827,0.684856954983941,MAZAGÃO,72128.8941349289,16004,33565.5527595176,3463.84294805867,1376.44513424803,0.465355155684597,0.0480229593091915,0.0190831309803969
-51.9564609559651,-14.6047549807087,MÉDIO ARAGUAIA,65734.1429169843,51011,20228.403808265,6702.64458312594,2799.73022433924,0.307730547788711,0.101965953851269,0.0425917202248309
-35.6218217188534,-7.83817353023047,MÉDIO CAPIBARIBE,253170.778316297,26010,82559.5548634859,33002.704434294,16435.8307674287,0.326102227960688,0.130357479065227,0.0649199361661508
-39.3989834152377,-3.89405333505931,MÉDIO CURU,85851.8739480898,23011,30708.225536986,10104.9873198451,5145.77828846447,0.35768847113988,0.117702583008905,0.0599378680024603
-38.7015599265445,-5.74881161104213,MÉDIO JAGUARIBE,62766.7270167555,23024,20806.7617076779,8550.65961422312,4289.71751185958,0.331493494986979,0.136229177792567,0.0683438139241265
-44.853706809136,-4.51331990199896,MÉDIO MEARIM,413622.653748857,21010,157475.828758057,42032.2892353716,19753.6666142433,0.380723413794626,0.101619891595427,0.0477577000079819
-37.4080581918304,-5.92572188937742,MÉDIO OESTE,39264.6045296204,24003,12933.0855199802,4949.11958273458,2454.4595252218,0.32938280354317,0.126045318475093,0.0625107410255516
-42.6404374231564,-6.11260240325295,MÉDIO PARNAÍBA PIAUIENSE,131434.185503719,22005,45980.2643079,17097.4796863665,8550.64247964716,0.349834893651765,0.130083962713663,0.06505645732027
-49.4630989042174,-17.6544809800191,MEIA PONTE,366952.247626804,52015,104285.306823367,45217.6507297063,19960.0956002624,0.284193127301477,0.123224891037303,0.0543942590060441
-40.5078945114336,-3.60026709963169,MERUOCA,24897.4805373026,23004,8884.27899476631,3098.86279365471,1656.10299663655,0.356834458870466,0.124464914793762,0.0665168909020856
-48.9699191795461,-9.23575875078568,MIRACEMA DO TOCANTINS,142996.525640709,17003,50501.4091399258,14738.6418073819,6568.93125869085,0.353165287853321,0.103069929436006,0.0459376983409782
-46.1835059810593,-23.5522838009755,MOGI DAS CRUZES,1338798.23130124,35062,427548.849086495,117702.631945971,46373.2438326064,0.319352714315241,0.0879166323902075,0.0346379631735352
-46.9947941656456,-22.3681933009731,MOJI MIRIM,388065.777202176,35031,103086.93268791,48095.2171347198,21187.6002446045,0.265642936697827,0.123935734507356,0.0545979611945171
-40.2318721297775,-18.3513033928951,MONTANHA,54797.2726130522,32004,17176.7287326883,6920.2026130115,3221.78428155444,0.313459555806378,0.126287354881293,0.0587946101680075
-51.3383634371999,-29.6236891906963,MONTENEGRO,205500.512901646,43023,53561.2478047143,26927.4859785479,12139.3892973911,0.260638024929646,0.131033667986199,0.0590723065650015
-44.1176062139262,-16.4305493079097,MONTES CLAROS,609144.743201539,31007,195077.364893291,64015.0236568068,28511.5481017601,0.320247965808594,0.105090004258031,0.046805867439501
-37.2274652717302,-5.04323067146809,MOSSORÓ,339795.541353856,24001,104374.191815168,32840.4875752837,15038.9135887964,0.307167632039277,0.096647788386029,0.0442587137220118
-42.318543239523,-20.8757045873074,MURIAÉ,277632.975017652,31063,78063.7089064344,37812.8630984952,18264.5178111898,0.281175926243888,0.13619730543928,0.0657865579909179
-40.944198146098,-17.3736188319463,NANUQUE,118645.242674132,31016,38285.5392062263,16943.9144276827,8396.26091394832,0.322689206438562,0.142811578836081,0.0707677840653863
-52.8201426277263,-28.5646621826295,NÃO-ME-TOQUE,42539.3436867279,43012,10337.0505142136,6878.70957285423,3163.65195084218,0.242999764884448,0.161702296667082,0.0743700225875657
-35.2259090107855,-5.81123626144756,NATAL,1052183.93482354,24018,300169.797445936,106497.796513071,47589.7917819955,0.285282627410841,0.1012159499764,0.0452295365923609
-49.9232361703038,-20.6946806991561,NHANDEARA,66094.9324926049,35007,14986.7105762221,11182.8101843088,5398.16363528652,0.226745228583128,0.169193155399016,0.0816728821969898
-60.2133415883205,3.72318098015637,NORDESTE DE RORAIMA,43811.0265864957,14002,22965.8903249307,2583.84318204106,979.376468858722,0.524203428093367,0.0589770060954816,0.0223545656234543
-51.9183494565505,-12.1592141418858,NORTE ARAGUAIA,115385.946438597,51009,42062.0095968024,9220.25642418787,3748.15893533935,0.364533211322973,0.0799079672072062,0.0324836693811229
-37.1917198019959,-10.3699427888438,NOSSA SENHORA DAS DORES,63529.2634509326,28003,22416.0126595881,7081.5206291503,3363.05441711993,0.352845467457707,0.111468640504856,0.0529370912621617
-52.9821651063972,-21.8724385218795,NOVA ANDRADINA,90178.3150299796,50008,28493.899831797,8880.4689849068,3924.70615569097,0.315972856914928,0.0984767677457104,0.0435216177457541
-42.4933285871983,-22.2597645388219,NOVA FRIBURGO,234696.484732148,33007,60721.9352678948,33399.4619644976,15096.5846171489,0.258725371780472,0.142309170086699,0.0643238633692285
-40.4592664585313,-18.6875295828024,NOVA VENÉCIA,125155.36565076,32002,37189.9625229015,13865.3732132494,6697.09441974583,0.297150364505173,0.110785287879227,0.0535102461242754
-49.3025637169541,-21.2810437873773,NOVO HORIZONTE,80065.544125263,35008,19925.9444726541,12420.9916328204,5818.20370806077,0.248870405994866,0.155135292821937,0.0726680093369272
-56.9728829430147,0.442543457811356,ÓBIDOS,188519.476161679,15001,85602.0596877799,14064.6419629976,6385.13374250872,0.45407541666605,0.0746057768107493,0.0338698890560923
-51.7780392057838,2.17012800058172,OIAPOQUE,30878.7268420056,16001,13715.2274325204,1210.53050482736,426.574789959449,0.444164278621198,0.039202733682032,0.0138145200137967
-44.7327577417825,-20.7782291231447,OLIVEIRA,126728.596645256,31046,35140.5200539295,17821.1639678057,8530.09151358798,0.277289585651267,0.14062464541994,0.0673099185140177
-46.8720008663665,-23.4884507861268,OSASCO,1795704.18673199,35057,543408.546686842,153347.080500377,58997.5069691492,0.302615848814048,0.0853966269240893,0.0328548028149998
-50.0898520098497,-29.5393636669592,OSÓRIO,347893.346804796,43027,98079.1586042008,52836.2147203179,22398.2069072451,0.28192306494218,0.151874748987265,0.0643823951017174
-49.5235442636269,-22.9594121290915,OURINHOS,292136.277658962,35040,82041.6647165841,41435.2721494653,18765.6662930738,0.280833538970326,0.141835421747369,0.0642360012370003
-43.4894404783995,-20.3503164932278,OURO PRETO,176039.156069796,31033,51065.8093768122,19653.257274992,8906.18102466752,0.290082107395275,0.111641396799243,0.0505920456761131
-38.5126227119621,-4.13894567981783,PACAJUS,122445.081406037,23017,42345.6305153949,9990.94158362248,4734.26917204281,0.345833658887234,0.0815952872005679,0.0386644291275665
-37.8309679235186,-7.77715152762732,PAJEÚ,316517.652109983,26003,105021.512338309,41645.3273100637,20014.8032380282,0.331803018372626,0.131573474757082,0.0632343981594854
-36.5592836559394,-9.57816807625936,PALMEIRA DOS ÍNDIOS,174993.840989762,27005,61336.6656455491,21531.84516963,9665.66413869662,0.350507568144285,0.12304344568841,0.0552343104421721
-44.6368209395528,-19.7322446406915,PARÁ DE MINAS,125329.802343876,31029,36263.5985744226,14195.9523457062,6473.81225385202,0.28934537433422,0.113268768323401,0.051654212587756
-46.2218284142027,-17.6009723614837,PARACATU,220050.567155881,31002,71146.3947792107,21551.828823205,9363.99082040194,0.323318388581164,0.0979403466292271,0.04255381361398
-47.6909943895194,-3.63520359613171,PARAGOMINAS,301765.593835486,15017,120304.775387295,15911.5910196162,6040.98622221796,0.398669622531195,0.0527283141108883,0.020018803818673
-45.1870021510977,-23.1601177400574,PARAIBUNA/PARAITINGA,70382.6728490473,35053,20329.1013492964,10520.9862852371,4777.88067593399,0.288836733906044,0.149482619220811,0.0678843312214259
-51.7451663633898,-19.6846270372709,PARANAÍBA,77129.384753316,50006,22104.0324587397,9637.52106414385,4234.14164916305,0.286583803688249,0.124952650600905,0.0548966086363214
-54.1090068955442,-13.7179783312054,PARANATINGA,33409.692935539,51008,11384.2527227132,3032.14595874592,1309.19455570935,0.340747002514454,0.0907564749127199,0.0391860696904735
-50.0948288255524,-6.1679404252226,PARAUAPEBAS,270649.003395166,15019,104222.623301575,12178.8488015789,4651.49464026091,0.385084083052775,0.0449986833455912,0.017186446585467
-58.3295957104049,-13.580534409965,PARECIS,93041.4242830071,51004,32259.1946118949,4864.3534848547,1681.88884383013,0.346718624102002,0.0522815887905868,0.0180767744775088
-52.2961767463178,-28.1686611509108,PASSO FUNDO,330891.154141328,43010,88171.4940674707,43723.8387954797,19178.7874760288,0.266466760939192,0.132139642442072,0.0579610159896788
-46.6067140120126,-20.633894143956,PASSOS,228259.148472701,31047,63388.8994862291,30313.233961127,13483.5670078146,0.277705844038974,0.132801835825442,0.0590713103857353
-37.2937706519033,-7.03525534994597,PATOS,127823.82762064,25004,40673.8737127536,14930.4267337358,7237.227817436,0.31820259547748,0.116804722653486,0.0566187693808927
-46.2489868125195,-18.8721767434986,PATOS DE MINAS,255590.615576556,31020,69851.7557724478,32365.7313619131,14494.3345774286,0.273295463586868,0.126631141323022,0.056709181378716
-47.0638169839127,-18.8030981285832,PATROCÍNIO,199299.617106783,31019,58069.2527329047,22749.3941429457,9837.82905112551,0.291366604592079,0.114146702704184,0.0493620067812499
-38.1108205095903,-6.23234396098584,PAU DOS FERROS,114482.122185957,24006,35065.2024775369,15537.1587695946,7777.01775775888,0.306294134035874,0.135716900358966,0.067932159268732
-38.8040564015851,-9.4432826743859,PAULO AFONSO,169168.191765065,29005,57156.5388535095,18671.2441932932,8453.89795881271,0.337868119633782,0.110370891823583,0.049973330509752
-42.4203711722923,-18.2699134029011,PEÇANHA,81180.6181713895,31036,28870.5903005535,10840.4668426804,5472.47860603294,0.355634028797386,0.133535160077173,0.0674111472578267
-41.4544403133252,-16.2281204423458,PEDRA AZUL,82890.2911470536,31013,28530.1046200165,11599.0776471934,5703.41037157163,0.344191149834447,0.139932885826348,0.0688067358993027
-52.529961444966,-31.4505372232584,PELOTAS,483985.548163741,43033,125562.870583464,77113.0094873413,35339.7280911133,0.25943516507849,0.15932915720296,0.0730181473913705
-36.5247983567377,-10.2207353072498,PENEDO,125371.903201813,27013,46128.494337861,12338.9230022955,6090.02330445381,0.367933270212922,0.0984185665781375,0.0485756628791908
-40.2371471557941,-8.61639361954109,PETROLINA,455975.921889991,26005,167416.226739903,35289.4331000739,14716.2568799706,0.36716023522903,0.0773931942585946,0.0322741973281673
-37.9938899822606,-7.23969721034959,PIANCÓ,70550.5084664626,25005,23292.1679927258,9516.83485072009,4608.00294087262,0.330148832361685,0.13489392291544,0.065314950112133
-42.1751285458117,-6.82258095939635,PICOS,201277.670696919,22013,65033.2863801702,23714.6539842755,10839.3393741254,0.323102339941605,0.117820590342506,0.0538526669977572
-47.4679776103069,-23.8408707218884,PIEDADE,190538.589893177,35045,58717.0779217487,23368.7347741511,9912.69417691319,0.308163705602459,0.122645679215179,0.052024601328637
-45.8464451513699,-4.07042974437675,PINDARÉ,630231.698441674,21008,263547.403924752,54995.5723630244,24545.8069358432,0.418175417987393,0.0872624663262857,0.0389472744651464
-40.7425190021271,-6.91443714239893,PIO IX,58424.187892795,22014,19227.4060203753,7071.10089758991,3172.80521204738,0.329100099014752,0.121030366918663,0.0543063639646869
-47.8207590580311,-22.7604655528877,PIRACICABA,563602.611154784,35028,150225.408532502,71756.2133203662,32704.9007705045,0.266544912247124,0.127317034911074,0.0580282988815371
-45.1607841002808,-17.026069456234,PIRAPORA,166065.255364943,31006,56345.6178935434,16134.8999028428,7107.5999455162,0.339298053465302,0.0971599981428083,0.0428000422478298
-47.2077589124569,-21.9706211243749,PIRASSUNUNGA,185617.014066395,35029,50031.3000973968,24422.6120096954,11246.7290653167,0.269540485547842,0.131575287602458,0.0605910461488934
-48.5152664922228,-16.8654680406572,PIRES DO RIO,94024.9576615436,52016,26728.5968373858,12495.5841074437,5618.14905054066,0.28427129883535,0.132896460878221,0.0597516785996756
-46.2090439199464,-20.1634689450106,PIUÍ,82146.5152140336,31042,20740.7390397275,12378.2048654611,5855.97600640383,0.252484709615341,0.15068447922848,0.071286968061226
-46.2799066125619,-21.9915460934663,POÇOS DE CALDAS,345734.818721547,31051,89483.6103477178,48625.9958180933,22411.1231072215,0.258821517250154,0.140645353562889,0.0648217127510992
-42.7360204105423,-20.3247494352378,PONTE NOVA,186789.984851767,31060,52869.5535348298,27772.8952379569,13895.8857485345,0.283042763651307,0.14868514101544,0.0743930985355666
-48.9787140623358,-14.0977966964028,PORANGATU,231978.766293439,52004,71788.1939798157,26400.5149794897,11530.4043671822,0.309460193822257,0.113805739211901,0.0497045680146299
-51.0224366729183,-2.06127639587581,PORTEL,134359.473109654,15004,70194.3802309428,6750.06384466835,2833.42262563175,0.522437150178876,0.0502388383077349,0.021088372557991
-51.2085664007172,-30.0536524173817,PORTO ALEGRE,3651312.78793465,43026,992849.170900548,464723.63999296,203492.28679667,0.271915672133405,0.127275768191809,0.055731266701962
-46.9630673276319,-7.04033593406266,PORTO FRANCO,112424.601532319,21019,42682.2556770274,9985.05180869961,4534.54596086115,0.379652274460206,0.0888155410168756,0.0403341074734215
-48.1510296549719,-10.0485475588263,PORTO NACIONAL,337105.862294337,17006,116858.117426986,20267.1634862591,8506.0791744189,0.34665109835721,0.0601210650812212,0.0252326646488039
-39.4695285663062,-16.7977795125506,PORTO SEGURO,739211.140705251,29032,263647.264415348,67345.6066684011,30228.8149954952,0.356660296223096,0.0911046965609169,0.0408933433641912
-46.0429149946573,-22.3413017500542,POUSO ALEGRE,331760.475621157,31052,89510.0386062404,42500.9733649737,18521.9930290557,0.269803201959638,0.128107404251212,0.0558294142615296
-44.3369515789079,-5.26074575387274,PRESIDENTE DUTRA,192497.840445927,21012,74686.2958051083,19621.6577170283,8922.00818492559,0.387985110025626,0.101931832957576,0.0463486144273488
-51.3771990850305,-22.0748355639677,PRESIDENTE PRUDENTE,576692.123180491,35036,154183.797753333,81189.9837333356,37996.3837222816,0.26735894519072,0.140785664429693,0.0658867742335882
-54.3272843029223,-15.2540201634857,PRIMAVERA DO LESTE,87284.8602534636,51019,28367.0572574965,5043.07608054015,1956.90182682705,0.324994015859364,0.0577772143519018,0.0224197165596012
-36.7179303454357,-10.3164828697524,PROPRIÁ,91537.0075429485,28007,33273.06913088,9245.45513868436,4522.62968571048,0.363493083551683,0.101002374742767,0.0494076637100956
-50.8173700634393,-18.5762387218527,QUIRINÓPOLIS,112919.489827545,52018,31691.5218844346,13783.0064616973,6220.84919209645,0.280655907433119,0.12206047408421,0.0550910139746217
-35.0005607068129,-8.10803700893766,RECIFE,3290168.15885747,26017,928064.850862983,366283.659588678,162212.402770582,0.282072163504633,0.111326729183311,0.0493021617554378
-49.5752482183077,-7.25490452717406,REDENÇÃO,184995.7649929,15021,70195.0752897357,13165.1984365785,5454.10066613587,0.379441525552922,0.0711648638934182,0.0294823001291149
-47.7355948596091,-24.4690797177644,REGISTRO,243641.494690356,35055,80698.3339700238,31764.2041787482,14204.95128304,0.331217529561553,0.130372719224684,0.0583026766482988
-53.4194294748704,-29.706576893753,RESTINGA SECA,62906.837026715,43019,15704.6494147911,11460.6204544735,5500.60344717273,0.249649325209622,0.182184019991443,0.0874404708161811
-38.2190285481561,-10.8906892041108,RIBEIRA DO POMBAL,311400.049472105,29015,109210.591828722,39259.266507387,18350.2517348602,0.350708331658453,0.126073411272543,0.0589282235695471
-47.6915605378536,-21.3419524203144,RIBEIRÃO PRETO,1053223.42541812,35014,278627.924935261,126595.567128626,57807.6393028779,0.264547785598907,0.120198206831915,0.0548863972332637
-67.6674879533359,-10.2125393970372,RIO BRANCO,430966.875718069,12004,162589.86487885,29347.8518755972,12335.6020649818,0.377267660322955,0.0680976973617713,0.0286230862741561
-47.9631962807595,-22.3550699597781,RIO CLARO,245610.014131604,35026,62960.8638346136,33234.1703370168,16018.861182421,0.256344856528845,0.135312765867963,0.0652207168305351
-43.2302888825033,-22.8848548372925,RIO DE JANEIRO,11708275.0861781,33018,3119926.11418773,1591073.74223561,736953.208535418,0.266471883451976,0.135893095312896,0.0629429359244733
-49.6293132545702,-27.1712440050279,RIO DO SUL,207418.026218744,42011,58823.0286367614,25339.1296415714,10929.740719127,0.283596511398322,0.122164549067923,0.0526942663488682
-49.5719634106312,-11.130048097216,RIO FORMOSO,117611.671366097,17004,40477.2633874901,11549.3543291224,5256.24718387174,0.344160259924323,0.0981990494223318,0.0446915439838474
-50.5981389617911,-15.3756630954502,RIO VERMELHO,88026.8646210457,52002,25297.9112139959,11203.9047815534,4915.8947498548,0.287388529886905,0.127278244315369,0.0558453918700575
-54.6837286189952,-16.9178334328535,RONDONÓPOLIS,282162.221056957,51021,85890.4561691991,25849.1827781139,10927.8290198207,0.304400978442331,0.0916110692681855,0.0387288878677163
-43.9980123369331,-2.79925336788521,ROSÁRIO,164613.336488618,21003,68613.3062351567,14213.4807355004,6797.27245246547,0.416814990199175,0.0863446488522099,0.0412923557559716
-55.8598749410101,-14.7848670329436,ROSÁRIO OESTE,30801.7475943181,51016,10256.9647957963,4117.79504774273,1773.19261340667,0.332999443112389,0.133687058993443,0.0575679223387235
-47.6027776936324,-0.754434227920312,SALGADO,250901.976742879,15009,99588.7986680537,24370.6499619973,11183.5352659223,0.396923132933747,0.0971321560649639,0.0445733246549231
-39.2755671242295,-8.0114734374112,SALGUEIRO,163197.845440679,26002,59166.9044430345,18130.0882319508,8661.76188230385,0.362547092967237,0.111092693552385,0.0530752220344254
-42.3136848460294,-15.9089107452319,SALINAS,212026.242684822,31005,72708.1580734333,25627.182181533,12140.5910456953,0.342920560930348,0.120867973025528,0.0572598509126171
-38.3966998395591,-12.8422749776426,SALVADOR,3510871.1406101,29021,972182.051729857,316125.879376434,134021.563316046,0.276906218654586,0.0900420057346508,0.0381733074067643
-51.663102697331,-27.7910738400792,SANANDUVA,60385.2636937886,43005,14803.1523516847,11012.1984970949,4890.67513279364,0.245145113992561,0.18236566048527,0.0809912027145242
-52.6408238790231,-29.5177638609841,SANTA CRUZ DO SUL,322820.347484557,43020,83451.846657223,45994.3969598257,20616.9306162365,0.25850863276583,0.142476759343758,0.063865028263817
-54.1265514271563,-29.8573631257864,SANTA MARIA,364558.488989492,43018,93246.7487892039,55595.9967779284,25987.9472163873,0.25577994095727,0.152502269065338,0.0712860844042407
-44.6128600934796,-13.5718246101261,SANTA MARIA DA VITÓRIA,178248.111045887,29003,61610.5123262532,22038.2310465025,10638.7531840397,0.345644685740275,0.123637950030388,0.0596850823361651
-42.0701119150829,-21.9307956099866,SANTA MARIA MADALENA,29551.4750346348,33008,8189.62824312734,4427.40169435526,2126.6678777389,0.277130946375061,0.149819990006126,0.0719648638603119
-40.0247568910566,-4.43968316693013,SANTA QUITÉRIA,72345.4888629615,23007,25943.4263304915,9787.90350341811,4931.61343452611,0.358604617070653,0.135293902318617,0.0681675321023498
-45.7034934124688,-22.1155522942533,SANTA RITA DO SAPUCAÍ,141565.688838238,31053,40881.778695674,18489.091605104,8272.34905160335,0.288783101549331,0.130604327622287,0.0584347034898819
-54.4378313837775,-27.7569390866512,SANTA ROSA,156807.067924746,43001,37851.3135858604,26401.7000223068,11842.8937610068,0.241387802774464,0.168370599436101,0.0755252548098815
-40.737379730406,-19.8758882527788,SANTA TERESA,105257.793990231,32008,29557.3587303207,13549.3832746645,6534.86317744042,0.280809217159386,0.128725700596784,0.062084363824373
-37.3889325337691,-9.3204077502395,SANTANA DO IPANEMA,171858.797263878,27003,71946.4632702624,16378.6032228691,7486.84527145589,0.418637069592621,0.0953026757060379,0.0435639338262114
-54.3853348814158,-2.5023634128289,SANTARÉM,490971.288979568,15002,204829.227715786,37942.4812700271,16790.2609273873,0.417191865010075,0.077280448208869,0.0341980504853637
-54.3178341937596,-29.0809071974291,SANTIAGO,110667.23207921,43017,30480.7172214454,17436.8187419642,7942.74274832735,0.275426760467171,0.157560810136498,0.0717714051313974
-54.7039844218324,-28.4424351376509,SANTO ÂNGELO,195660.045360853,43007,52876.354765944,32130.5537215877,14558.375540003,0.270246051862172,0.164216223411018,0.0744064814722556
-39.1369067093807,-12.9224523705227,SANTO ANTÔNIO DE JESUS,543641.343977405,29020,171388.757564978,58231.7872776812,28819.2337679949,0.31526071271743,0.107114346476381,0.05301148282275
-42.1537438817865,-21.6613974586262,SANTO ANTÔNIO DE PÁDUA,122886.108491121,33002,32158.3290446654,19479.4070407886,9366.08749520919,0.261692142745239,0.158515940328569,0.0762176263062794
-46.2580184669097,-23.8726141534746,SANTOS,1489040.565113,35063,410531.824579457,197698.353420062,91322.0023686266,0.275702243577429,0.132768950727047,0.0613294254758576
-49.2913424037062,-26.1584606076897,SÃO BENTO DO SUL,127756.279067361,42007,38619.766660915,11760.1333809151,4878.2585903195,0.302292513079159,0.0920513141644834,0.0381841004288124
-48.0126025551835,-21.9959944827449,SÃO CARLOS,313182.390659132,35025,80451.4018701062,40835.1628220602,19465.322790904,0.256883542209337,0.130387799697542,0.0621533118446947
-51.7991864243625,-7.10596269026549,SÃO FÉLIX DO XINGU,178210.138808784,15018,66250.2307512461,8385.13001293165,2775.3150852056,0.371753432178914,0.047051924592959,0.0155732726754871
-51.828490473172,-30.0841705216777,SÃO JERÔNIMO,144972.885832978,43025,40656.6743084168,19423.3688692888,8382.3345766685,0.280443298585205,0.1339793214275,0.0578200159878565
-46.996816019681,-21.7990239057559,SÃO JOÃO DA BOA VISTA,410950.182197332,35030,106266.753338242,60153.627912746,28614.5632126374,0.258587921217211,0.146376934525512,0.0696302482691129
-44.2570339082887,-21.2320556294064,SÃO JOÃO DEL REI,184021.976502139,31058,48812.3692165729,25137.4769235219,11474.6213839901,0.265252934157055,0.136600407197723,0.0623546252577976
-48.0348936352595,-20.5473433479985,SÃO JOAQUIM DA BARRA,213837.544860555,35010,59059.254604274,25640.9238727497,11109.7648469527,0.276187489165136,0.119908428098865,0.0519542293389006
-49.4593360248314,-20.8324306162793,SÃO JOSÉ DO RIO PRETO,774603.680377614,35004,187340.423622068,110498.266354416,51629.2568051768,0.241853257824364,0.142651357272855,0.0666524806337195
-45.8562801536374,-23.0883640004453,SÃO JOSÉ DOS CAMPOS,1436970.91239871,35050,398871.332761259,156068.70370131,63264.9771943924,0.277577875320683,0.10860950792719,0.0440266233982323
-45.0305963625469,-22.0476242974261,SÃO LOURENÇO,209709.784136532,31054,58508.6501113228,30185.3788321477,14220.4030288969,0.278998189580084,0.143938819814412,0.0678099168689174
-40.1513143112999,-18.6441867121932,SÃO MATEUS,189284.490052955,32005,63762.7221637427,16703.1500359941,7308.56782119221,0.336861842964017,0.0882436275223666,0.0386115514226629
-50.1511157100726,-14.0537753292147,SÃO MIGUEL DO ARAGUAIA,76958.8363580468,52001,23215.4364048413,8519.41827161274,3554.38538409521,0.301660439573602,0.110700975674536,0.0461855395988399
-53.5044659774879,-26.5948570526244,SÃO MIGUEL DO OESTE,175133.462277615,42001,47763.6934128249,24091.5013544394,10673.2999654695,0.272727397675218,0.137560812429155,0.0609438072351392
-36.2789835847946,-9.81635837496422,SÃO MIGUEL DOS CAMPOS,288357.495750159,27012,113008.139099272,22226.5972729006,9008.96607441279,0.391902900964243,0.0770800052035352,0.0312423509261518
-46.6165441580358,-23.6355106755936,SÃO PAULO,13922415.4382125,35061,3650063.00362019,1677676.06975534,759548.546240046,0.262171677021069,0.120501796344237,0.0545558024475646
-42.4655880077713,-8.92567668155158,SÃO RAIMUNDO NONATO,136758.649394621,22011,48189.9962114366,15677.6673535347,7323.14708491937,0.352372566011406,0.114637483061831,0.0535479629064502
-46.5420416902027,-21.14847351294,SÃO SEBASTIÃO DO PARAÍSO,267181.045973439,31048,73213.4380116723,37039.5806109762,17403.7655516455,0.27402182570597,0.138631018813581,0.0651384737575123
-35.2866161737291,-7.18152746168721,SAPÉ,133804.038173699,25021,45447.81480807,16901.8437697226,8321.5878011425,0.339659515724566,0.126317889956215,0.0621923517012225
-41.3634520176462,-12.8905986168702,SEABRA,254297.440577379,29023,90508.2893963642,29916.2895880511,14650.6232917415,0.355915062262783,0.117642904781607,0.0576121539346895
-70.0428533002488,-9.89442264520473,SENA MADUREIRA,52345.641573716,12003,23704.3941729216,3159.26321139056,1332.10477642541,0.452843703129319,0.0603538922517841,0.0254482462412743
-40.098555941186,-10.6552696076525,SENHOR DO BONFIM,288645.883601763,29008,100356.537749343,33320.3148523117,15512.2430619375,0.347680474417582,0.115436653509609,0.0537414317792222
-37.4294317893936,-10.2227581761777,SERGIPANA DO SERTÃO DO SÃO FRANCISCO,158723.855511349,28001,62261.0636370319,13848.7664031701,5971.59013631884,0.392260277678172,0.0872506930892934,0.0376225118592325
-37.1942977110263,-6.43666114620091,SERIDÓ OCIDENTAL,98626.2510403183,24011,28093.9335351915,12701.6792470619,6187.56560413251,0.284852493518249,0.128785988649913,0.0627375119591947
-36.939116781187,-6.95653466798789,SERIDÓ OCIDENTAL PARAIBANO,39403.042028267,25008,12285.9834966966,5769.0600172698,2904.46119169846,0.311802918360537,0.146411538812947,0.0737115979424852
-36.6159746716231,-6.37919879320565,SERIDÓ ORIENTAL,119314.824328537,24012,34993.5354096189,16764.6302067445,8473.06284535338,0.293287406712037,0.140507521182637,0.0710143344973006
-36.4889708528488,-6.7468362174477,SERIDÓ ORIENTAL PARAIBANO,74702.5309089905,25009,25768.5274033302,9661.92414181663,4802.72826262121,0.344948519009667,0.129338645213877,0.0642913727845758
-36.6603543261398,-6.08686860239921,SERRA DE SANTANA,61620.4994304948,24010,19605.7006311869,8296.42792633093,4254.3790466772,0.318168479846569,0.134637466476378,0.069041619039066
-38.4146297395497,-6.24071818133868,SERRA DE SÃO MIGUEL,63237.0009455336,24005,21814.1008092453,8310.04562262821,4078.40455580987,0.344957864589972,0.131411127953169,0.0644939591509506
-38.385577152741,-5.89950652511886,SERRA DO PEREIRO,42672.653604623,23025,13917.0457780325,5872.51524378868,2995.06830624804,0.326134997532115,0.137617765658531,0.0701870648588764
-37.7448545302952,-7.56379925580559,SERRA DO TEIXEIRA,116688.994297695,25007,42957.5139269828,14096.424740265,6760.54910417568,0.368136808321359,0.120803378460032,0.0579364758850202
-43.0483945856207,-22.2917845760474,SERRANA,484092.224263126,33015,131744.820570968,69246.5659006556,31525.0833518524,0.272148185754288,0.143044160657736,0.0651220609871171
-37.7243172480254,-9.1734202655866,SERRANA DO SERTÃO ALAGOANO,89397.3397135484,27001,38103.9341635222,9788.35615583276,4436.9844792958,0.426231186359872,0.109492700646318,0.0496321757841231
-36.2322764676917,-9.2971622469702,SERRANA DOS QUILOMBOS,146893.248499601,27008,57864.2333012417,13755.0198306849,6218.42228655444,0.393920305339281,0.0936395645898064,0.0423329346315827
-53.2683937866847,-31.1431397235644,SERRAS DE SUDESTE,116584.559743449,43032,32062.3056035939,19642.9425120115,9119.42656671307,0.275013309430929,0.16848665513887,0.0782215637026109
-39.2882615626419,-11.5311727222391,SERRINHA,418264.556519573,29016,141581.884546234,50192.5410670564,22896.4961644909,0.338498403317633,0.120001899000752,0.0547416600512728
-40.4463284856487,-5.27437794899197,SERTÃO DE CRATÉUS,241523.098646344,23018,81382.6887701975,34614.756313682,18102.1387439245,0.336956130599186,0.143318616346371,0.0749499275447398
-40.1114164058325,-6.11003490457141,SERTÃO DE INHAMUNS,146216.867562214,23020,49893.1598226557,19925.5465420785,9876.47796431769,0.341227114590091,0.136273925671403,0.0675467757515413
-39.2471059131418,-5.02707467360372,SERTÃO DE QUIXERAMOBIM,269902.012236841,23019,97614.4556276417,33467.9872740406,17268.7092160866,0.36166627591492,0.124000510395129,0.0639814022614
-39.5577326903536,-5.81187810078574,SERTÃO DE SENADOR POMPEU,218634.01033027,23021,71843.6576444925,32622.5066224575,16445.9346811157,0.328602386865451,0.149210576036078,0.0752213009141273
-37.6188569541219,-8.60926379286697,SERTÃO DO MOXOTÓ,215807.724807765,26004,78357.1640104089,24566.2041432686,11520.1756981314,0.363087855544591,0.11383375717969,0.0533816651298892
-44.0951957544599,-19.310648335636,SETE LAGOAS,399445.038731857,31027,115319.26177288,44822.388221647,19977.7217285256,0.288698695918196,0.112211653357737,0.050013693478207
-54.8391679940183,-11.7731790475809,SINOP,178528.893177423,51007,61121.8114240955,11604.838099526,4494.33268926217,0.342363694392886,0.0650025768545655,0.0251742595233348
-40.2401767465871,-3.71326846035521,SOBRAL,387381.669184726,23005,136385.520987419,40893.2852163327,19925.4018622252,0.352070146412587,0.105563294469756,0.0514360989361208
-52.5815340914483,-28.9701888756367,SOLEDADE,71314.3984487596,43013,21594.6947008176,10085.8943598138,4397.99550183643,0.302809743481657,0.141428583556806,0.0616705125122306
-47.3692305478746,-23.3816767630388,SOROCABA,1347983.0260141,35046,376616.195137633,150392.096409137,65960.5908371657,0.279392386899161,0.111568241963578,0.0489328052091331
-38.1125621876418,-6.81447447533207,SOUSA,182763.529357326,25003,54739.6852720556,26323.5180624854,13243.8782183306,0.299510988130638,0.14403047563729,0.0724645571515373
-35.0614083111314,-8.29640767567287,SUAPE,272369.782122525,26018,90953.4896018861,21300.2327852512,8662.96085241442,0.333933848656422,0.0782033624261202,0.031805880905384
-60.478583044359,0.637648189106804,SUDESTE DE RORAIMA,47550.3793624039,14004,20007.6283493253,2978.47142438729,1069.36947160839,0.42076695533463,0.0626382263259553,0.0224891890653115
-51.7374913817236,-17.5010894325574,SUDOESTE DE GOIÁS,459495.194011775,52013,136645.24221345,43855.5763661917,18918.7076504661,0.297381221815235,0.0954429489964761,0.041172808545156
-49.0635719606634,-27.8596019465849,TABULEIRO,23994.6979392952,42017,6691.6167946152,3342.56577088632,1472.30033174371,0.278878976161504,0.139304348791669,0.0613594026258852
-57.8407973199224,-14.7552812768134,TANGARÁ DA SERRA,149022.218010039,51013,49489.3842209707,11295.3572245006,4647.91006539427,0.332093998343501,0.0757964642811831,0.0311893765068049
-71.6114567678443,-8.91341927385482,TARAUACÁ,76755.3296693828,12002,39369.8718556753,4333.35359812552,1948.50461733905,0.51292688110725,0.0564567127363153,0.0253859194629489
-47.8929940827839,-23.2198290035699,TATUÍ,263192.925347392,35043,73737.5593106811,32182.5984316394,14153.2345153762,0.280165430789425,0.122277596896501,0.0537751328106376
-41.5269790729106,-17.7107500752721,TEÓFILO OTONI,267041.849147936,31015,88718.0875325475,34828.4179208494,17376.5694228001,0.332225408922327,0.130423070511151,0.0650705852968155
-42.6135199451969,-5.26037305163613,TERESINA,1013657.95956162,22003,310594.942165114,95753.4299762693,43164.3545788613,0.306410006684541,0.0944632546640094,0.0425827609517601
-53.6536084643001,-15.9885312545989,TESOURO,54547.8190905038,51020,16745.3019381051,7289.8556027434,3149.72788201004,0.30698389444905,0.133641559356357,0.0577425080328898
-48.9114231319498,-27.349954801321,TIJUCAS,94733.3092522813,42015,27547.4479458772,9644.24328144103,4268.88863389292,0.290789461101971,0.101804142149809,0.0450621715591564
-38.0165363058996,-10.9599907286019,TOBIAS BARRETO,109727.838238747,28005,37849.8258833231,13096.0004254139,6210.51977561731,0.344942782896799,0.119349844448038,0.056599308573859
-48.5290127192502,-2.36725953872455,TOMÉ-AÇU,297555.173646312,15012,130560.208046797,17242.2929446566,7045.2019694016,0.438776467728257,0.057946540580577,0.0236769600846392
-37.0461630103181,-9.89905162948945,TRAIPU,37573.6293904699,27007,15618.7487233225,3928.60096648608,1824.51250893194,0.415683791443474,0.104557399171093,0.048558325041517
-53.0444589877404,-20.8936886520752,TRÊS LAGOAS,160102.531738164,50007,50154.0548660226,14294.988686738,6092.64699879304,0.313262097241821,0.0892864624409339,0.038054657428885
-45.1968991244056,-18.772003669446,TRÊS MARIAS,97797.0554918265,31024,28911.1059160689,12027.4819238209,5390.83431222125,0.29562348038674,0.122984090505936,0.0551226648400656
-53.9571907999976,-27.5097258611978,TRÊS PASSOS,143041.938922366,43002,38469.2548170415,24323.2142704745,10862.3248798165,0.268936894360192,0.170042537550302,0.0759380427981462
-43.0558708048618,-22.1537179975112,TRÊS RIOS,156950.282334815,33005,44199.6182025919,21041.9783067564,9428.67377287493,0.281615410594183,0.13406779518796,0.0600742708621649
-48.8576177226742,-28.1956351756415,TUBARÃO,379225.484724336,42018,102307.133515668,48318.4685563121,20183.9649523373,0.269779162099395,0.127413558694336,0.0532241786624898
-49.9275805705277,-4.58940373285092,TUCURUÍ,339054.325728984,15016,142321.611863377,20415.0121437604,7937.96261803424,0.419760495777125,0.0602116256734585,0.0234120670808939
-50.4363789942471,-21.8548947482591,TUPÃ,109918.402771662,35037,27594.3925557101,17667.482335269,8593.83627922919,0.251044337070956,0.160732706169052,0.0781837805365636
-43.0309349567556,-21.1214742073919,UBÁ,272894.430968568,31064,74811.2268505375,36580.8413981274,17484.0920150528,0.274139807782132,0.134047592207335,0.0640690685881625
-48.1937016802657,-19.5797719086021,UBERABA,352722.025978001,31022,91982.4488179858,43954.3351894867,20126.003162163,0.260778862796968,0.124614659568292,0.0570591051306169
-48.6201633288701,-19.1534025270379,UBERLÂNDIA,834546.10848439,31018,224219.877273561,94633.8444522653,41991.1127020511,0.268672845028017,0.113395585324972,0.0503161086908794
-37.81842116613,-6.1623946055021,UMARIZAL,65089.4053439128,24007,20141.3855803624,9386.99703795131,4775.79440793246,0.309441843475777,0.144216973382277,0.0733728382168896
-35.7619065028602,-7.61349023641769,UMBUZEIRO,53905.2973152082,25019,19932.5572153323,7569.54607310906,3884.16466377915,0.369769915167664,0.140423046530039,0.0720553425587603
-46.2521161991725,-16.2006114041208,UNAÍ,150095.290073241,31001,49116.7276097535,15572.7806651459,6940.94922678727,0.327236967834144,0.103752627131385,0.0462436177937387
-39.4892041669738,-3.66012558925264,URUBURETAMA,103137.858306174,23010,38430.2500722798,10809.2607102397,5485.90626133057,0.372610510858158,0.10480400589812,0.053190034691676
-50.2735244058452,-28.7076321695249,VACARIA,157743.536110152,43015,46630.2137626453,23187.3185490923,10532.4544264086,0.295607762527165,0.146993779402159,0.0667694834674795
-36.8367521689218,-5.65325157354121,VALE DO AÇU,142406.309259873,24004,45410.3916438087,15487.3768363333,7330.09792743171,0.318879071298313,0.108754850236802,0.0514731261945369
-37.1673511399203,-8.87925276647838,VALE DO IPANEMA,182014.951605649,26007,72720.9613107429,20304.8724236028,9427.71309728104,0.399532899188959,0.111556068578339,0.051796366255158
-36.1661113625262,-8.25874318398304,VALE DO IPOJUCA,865120.346322645,26008,287344.590841394,99728.2039267353,48018.9926078632,0.332144067658107,0.115276683007917,0.055505563835109
-44.3659064675466,-22.5045737499808,VALE DO PARAÍBA FLUMINENSE,686689.113272576,33011,184429.639663462,84908.4171764825,36886.0177354827,0.268578074267873,0.123648992732434,0.0537157456300622
-50.2070406171394,-17.3130705347427,VALE DO RIO DOS BOIS,114998.548908537,52014,33851.1535090562,13271.8296299716,5738.09864112134,0.29436157090973,0.115408670421809,0.0498971395342136
-39.2202840052086,-13.6933622907584,VALENÇA,265979.298421714,29030,99219.4285186257,23094.8217013229,10561.9417240489,0.373034401953012,0.08682939551448,0.0397096382565188
-41.8481488566625,-6.05818215201586,VALENÇA DO PIAUÍ,104109.461109879,22006,33389.5816512803,15034.818526457,7678.34904446914,0.320716112592692,0.144413565935079,0.0737526538185161
-46.5629973595967,-14.070444712604,VÃO DO PARANÃ,109165.610281236,52011,38722.2746752296,9845.71015429204,4231.45007669727,0.354711292095304,0.0901905840944524,0.0387617498385807
-45.4684542392755,-21.3826182612701,VARGINHA,445034.419584202,31050,129586.236719576,52322.8337888923,23284.720445326,0.291182504132262,0.117570308017474,0.0523211675786359
-39.6341064907041,-6.63420857211626,VÁRZEA ALEGRE,97281.1933286245,23027,32563.2615016549,14769.0365590124,7361.88119825979,0.334733368161442,0.15181800360036,0.0756763043951435
-43.5895855701686,-22.469960376717,VASSOURAS,165279.371352416,33014,43810.1359254244,22899.1298336525,10448.3740134334,0.2650671742453,0.138548021124947,0.0632164433343283
-43.0376733763306,-20.7743116355765,VIÇOSA,222227.551475349,31062,62598.367512761,30704.7612946161,15291.9684617985,0.281685898517875,0.138168112327971,0.0688122078485609
-40.2294629375211,-20.2366741821476,VITÓRIA,1593040.65294412,32009,453108.636310438,157177.705632838,68572.7021701999,0.284430052348659,0.098665219460882,0.0430451677698681
-40.4744373636914,-14.6379010764403,VITÓRIA DA CONQUISTA,628995.384466091,29028,207199.481788434,74445.3337425599,36047.1495365292,0.329413358039678,0.118355930076897,0.0573090843379193
-35.3535150261689,-8.14145555637177,VITÓRIA DE SANTO ANTÃO,217539.011432239,26014,69893.5625622247,24333.2823864169,11444.4474382502,0.321292085047449,0.111857097383181,0.0526087130896752
-49.9064329404511,-20.3883613826659,VOTUPORANGA,141036.120443617,35003,33249.6811847242,21923.1447708616,9960.82627241072,0.235752948111024,0.155443475769925,0.070626065443943
-52.2409576181636,-26.7353510733968,XANXERÊ,153643.508202264,42003,47582.3647556101,17066.436964061,7087.85719634381,0.309693297896911,0.111078152040071,0.0461318364783302
-51.4154670742811,-23.6894870643441,APUCARANA,291272.772066449,41010,80701.0982724346,36815.1334027267,16193.8686510938,0.277063653083317,0.12639400909855,0.0555969187789355
-50.7829894616461,-23.4523237510875,ASSAÍ,70927.8320660511,41014,20870.5221233426,10694.7472220109,4898.1245720082,0.294250106275728,0.150783506424551,0.0690578638784117
-51.9307015449216,-23.1204324938845,ASTORGA,185116.701720727,41006,50360.5765589958,25896.0266835368,12188.6655787942,0.272047719578385,0.139890277013494,0.0658431436250546
-52.3232129342951,-24.3220851878633,CAMPO MOURÃO,217399.014386624,41005,63108.562946691,28167.6898705788,12469.2650050681,0.290289094109959,0.129566778166184,0.05735658480444
-53.715870104054,-25.8219615418762,CAPANEMA,95455.2790052747,41025,27657.8831808073,13504.6288936004,5883.44359393958,0.289747025717446,0.141475977382604,0.0616356020877009
-53.2110647128381,-25.0191627901509,CASCAVEL,437365.384495962,41023,131100.26461893,45959.0245760492,19225.8225352338,0.299749978544863,0.105081531838681,0.0439582628547305
-49.1155330893473,-24.753130566467,CERRO AZUL,29002.9175658347,41035,10733.6065166618,3437.14293749142,1517.47874573759,0.370087129761936,0.118510247449738,0.0523215894501996
-52.8537002770424,-23.6390042307209,CIANORTE,144486.15057502,41003,40461.2559223083,17878.4322792046,8205.64177981414,0.28003553116532,0.123738034462491,0.0567918914522786
-50.5221185013024,-23.3250515857561,CORNÉLIO PROCÓPIO,175516.29801429,41015,48420.4383023592,26459.6089620053,12029.6842256641,0.275874313953551,0.150753002777275,0.0685388443225069
-49.2987509457882,-25.4621457029686,CURITIBA,3108060.71171088,41037,891904.6507392,312609.170299384,130274.931272472,0.286965002767992,0.100580136392286,0.0419151822812239
-51.5295917446907,-23.8397361642396,FAXINAL,46183.2293932715,41012,13007.5982543393,7244.49982615369,3460.65616346501,0.281651985476667,0.15686429730722,0.0749331783188205
-52.1193272846572,-23.55983045261,FLORAÍ,34781.9689582175,41008,8980.95977986804,5571.17751318886,2568.55414007685,0.258207342737169,0.160174299502175,0.0738472897598861
-53.9648222557155,-25.2468072589923,FOZ DO IGUAÇU,409848.087963249,41024,129030.543582485,40470.6421596919,16256.9743678839,0.314825291057732,0.098745470207783,0.0396658538744766
-53.3012627971168,-26.086891898054,FRANCISCO BELTRÃO,244053.275807936,41026,73081.0660922498,29215.5707574172,12534.2660747297,0.299447183613151,0.11970980787166,0.0513587290858325
-52.7660419144296,-24.4849346185334,GOIOERÊ,115410.628533812,41004,33175.4503847924,16408.7011387764,7771.69131854473,0.2874557638777,0.142176689852868,0.0673394765913422
-51.9901471835797,-25.2921956495973,GUARAPUAVA,379692.609881931,41029,131602.558756295,38300.5546460612,15626.6215005525,0.34660289753129,0.10087253122459,0.0411559801108895
-50.3158896358728,-23.858467754721,IBAITI,77691.1300722485,41017,23865.2937887849,10334.7742739877,4589.05260537006,0.307181704868902,0.133023863398265,0.0590679090534852
-50.8120797955545,-25.6493143253225,IRATI,98116.7600240862,41032,29365.231045105,11687.4152120736,5060.09015804443,0.299288633643185,0.119117418973115,0.0515721285211849
-51.6522634088857,-24.3872731429675,IVAIPORÃ,136385.648369864,41013,40399.7426253188,20316.8606379697,9144.28927002522,0.296216963501606,0.14896626500519,0.0670472984461448
-50.0463196620814,-23.304831335451,JACAREZINHO,122885.264307445,41016,35801.8469223765,16658.7927960352,7485.77370593882,0.291343694658167,0.135563795137851,0.0609167726344327
-49.8735320018567,-24.2017779778815,JAGUARIAÍVA,101013.820594522,41020,34069.107811392,9943.02503060177,4224.74161417382,0.337271747676472,0.0984323231423344,0.0418234018801476
-49.8511655038392,-25.7977249265443,LAPA,49835.5809396257,41036,15259.7989516599,5635.51419190243,2389.07005726686,0.306202890865198,0.113082141025499,0.0479390429934217
-51.2221320429823,-23.4428070857512,LONDRINA,734765.726115027,41011,200211.998613557,94956.6509769171,42056.8924664292,0.27248412861083,0.129233914432818,0.0572385060593385
-51.9146415994677,-23.4996260882917,MARINGÁ,551464.390122008,41009,143118.89542551,67792.6635211837,28952.8791392979,0.259525180572123,0.12293207818221,0.0525018109199984
-52.0477611188844,-26.272787819521,PALMAS,91007.900450089,41030,33186.528432108,8567.50147417286,3586.78385249194,0.36465546692079,0.0941401947721175,0.0394117855126108
-48.6507301049293,-25.5495531867574,PARANAGUÁ,268896.119029041,41038,87567.2217121397,30179.2513885901,12343.4386800105,0.325654464736557,0.112233867478507,0.0459041161493203
-52.6171850976573,-23.0280467160981,PARANAVAÍ,272268.112719517,41001,78799.6000851392,36723.5532514716,17331.9150929249,0.28941912917403,0.134880110948957,0.063657528308428
-52.6653025063307,-26.0234789288175,PATO BRANCO,160427.29970708,41027,46914.4966797006,19658.6854001576,8452.13116411553,0.292434621572268,0.122539526851427,0.0526851176797719
-52.0479744379622,-24.7824874587622,PITANGA,74764.7420742667,41028,25653.4934080662,8540.33437925775,3617.08711306431,0.343122877125471,0.114229436794877,0.0483795839149865
-50.0007131777398,-25.0841701126183,PONTA GROSSA,435556.751524688,41021,140230.316904246,45324.1891543603,19182.3872224908,0.321956476195956,0.104060352630744,0.0440410742236044
-51.2756424165698,-22.9851626847255,PORECATU,82450.1468125533,41007,22343.0335429166,12236.1406388166,5559.52953413308,0.270988402163947,0.148406535486649,0.06742898283459
-50.8247129756818,-25.1854832651207,PRUDENTÓPOLIS,129558.271475282,41031,42779.9312637625,14126.6144872203,6010.69561157291,0.330198379282362,0.109036762580731,0.0463937619970459
-49.3833302285658,-26.0388711808024,RIO NEGRO,90691.5563771453,41039,29108.7264187928,10212.5514756202,4259.77018103856,0.320964018940669,0.112607522503537,0.0469698652355695
-50.2949924412421,-25.936826165631,SÃO MATEUS DO SUL,62999.1868713888,41034,20237.9698172932,6660.56184767104,2952.23278504337,0.321241762351766,0.105724568497501,0.0468614426892568
-50.591250894037,-24.3064200830029,TELÊMACO BORBA,160468.6843061,41019,54108.8295555775,17572.3456671087,7402.55337422932,0.337192454649673,0.109506385891398,0.0461308286176801
-53.734741120035,-24.6552648385143,TOLEDO,381767.06019707,41022,106454.164549801,49891.7823534256,21870.5382439176,0.278845860863033,0.130686451386537,0.057287651356374
-53.2926404999014,-23.7074089661351,UMUARAMA,265893.769260313,41002,72184.4221327008,39225.7211417828,18808.6683169149,0.271478426642,0.147524032815452,0.0707375293871629
-51.1996120939497,-26.2588707667524,UNIÃO DA VITÓRIA,117252.379804715,41033,38871.9176110401,13008.971367078,5692.6835461459,0.331523485286878,0.110948463380825,0.0485506866097481
-49.8449496368777,-23.634158908557,WENCESLAU BRAZ,99018.9530403117,41018,28403.0771311778,14081.2272229797,6371.56075450789,0.286844854031274,0.142207393540579,0.0643468806614624
-62.9842527054441,-11.5984480784819,ALVORADA D'OESTE,69938.9982999579,11005,25013.6901457713,5811.81536748945,2379.49241270116,0.357650105860701,0.0830983501159603,0.0340223976685493
-62.5643975327261,-9.55353096287503,ARIQUEMES,175148.201567966,11003,62961.903463732,13001.6596395397,5064.5539179502,0.359477875879301,0.0742323330936082,0.0289158202745514
-61.8982832632944,-12.1742967702088,CACOAL,228465.625847224,11006,75625.1104250067,20003.0403091763,8592.21488272089,0.331013079733831,0.0875538288746877,0.0376083485244584
-61.1588629723632,-13.0625174625944,COLORADO DO OESTE,52250.3661449799,11008,16901.9251090897,5391.06446282497,2291.61785329853,0.323479553467465,0.103177544208328,0.0438584075552684
-64.0408551358382,-11.683447766497,GUAJARÁ-MIRIM,72848.0841508659,11002,28984.7839149908,5185.43087648297,2105.4736829764,0.397879837923594,0.0711814310139457,0.0289022519606149
-62.4802214412386,-10.6612382552429,JI-PARANÁ,294456.035486399,11004,98166.8606351209,25641.1992939864,11017.0793908445,0.333383761256459,0.0870798903871364,0.0374150231719514
-64.446128498797,-9.89006131999368,PORTO VELHO,556690.398525388,11001,192128.08118123,33174.5507353847,12450.4077479928,0.345125552174343,0.0595924607704039,0.022365048473932
-60.5692806120015,-12.1943545619292,VILHENA,136047.828913438,11007,45605.032300773,10434.6923994713,4257.59685810885,0.335213231001207,0.0766987057625921,0.0312948533770266
-67.1815993884483,-3.82827723262747,ALTO SOLIMÕES,226737.769443324,13003,112069.732535365,12314.265571267,5548.33690330364,0.494270243596879,0.0543106056017948,0.0244702808752404
-66.9833456512789,-7.41285747791302,BOCA DO ACRE,49356.0613067722,13011,23126.2714490163,3041.37673271289,1228.59223350095,0.468559906052372,0.0616211393735257,0.0248924286292751
-63.0979547519834,-3.61429279479596,COARI,155898.135714044,13006,73436.1363090956,8643.59336983151,3798.11205553871,0.471052049293237,0.0554438533228262,0.0243627804665053
-58.4787737995763,-3.81784276370443,ITACOATIARA,155621.996773876,13009,70281.8016276487,10985.9536821075,5126.33395969051,0.451618685562624,0.0705938357677705,0.0329409342249942
-67.1783723924042,-1.39943408237044,JAPURÁ,24589.7269620421,13002,12721.6780793397,904.922385536457,357.590511081298,0.517357435443569,0.0368008309703211,0.0145422725365472
-67.1027886149908,-4.97733284942628,JURUÁ,129799.897221792,13004,66023.9303800213,6550.88751593946,2657.05734189637,0.508659342520163,0.0504691271422645,0.0204704117550741
-61.3231840486884,-6.40967474308487,MADEIRA,170122.584433304,13013,76880.7259520085,10558.5117322653,4362.3124892104,0.451913696280282,0.0620641390291406,0.0256421715185066
-60.7188311194902,-4.05170852842711,MANAUS,2096205.36690598,13007,768544.248802647,132086.427751055,55080.0708154916,0.366635951293755,0.0630121598944362,0.0262760851990329
-58.6413333330052,-4.93768412568315,PARINTINS,247069.051326865,13010,118848.465454741,16921.4133331035,8150.69935732335,0.481033398624694,0.0684885996130572,0.0329895602607881
-65.9565991569218,-7.07353107674564,PURUS,70624.8323432881,13012,32463.0248558844,4255.75393320104,1737.93509533442,0.459654540460931,0.0602586058189134,0.0246079889703212
-67.8180908976645,-0.567799167132856,RIO NEGRO,99316.4825388062,13001,46212.4278663529,6256.39603190268,2474.81623190803,0.465304717656469,0.0629945389926401,0.0249184845117832
-59.8991547339828,-1.54129310346775,RIO PRETO DA EVA,55381.6634994877,13008,23240.4300788237,3067.04168032257,984.356272227952,0.419641242431056,0.0553800930943677,0.0177740466794945
-64.9407059858148,-3.86754416242913,TEFÉ,87495.6756979196,13005,42951.6728997787,4873.73480864532,2087.83145364323,0.490900522307756,0.0557025792391384,0.0238621101784676
-61.3231840486884,-6.40967474308487,MADEIRA,170122.584433304,13013,76880.7259520085,10558.5117322653,4362.3124892104,0.451913696280282,0.0620641390291406,0.0256421715185066
-61.3231840486884,-6.40967474308487,MADEIRA,170122.584433304,13013,76880.7259520085,10558.5117322653,4362.3124892104,0.451913696280282,0.0620641390291406,0.0256421715185066
-65.9565991569218,-7.07353107674564,PURUS,70624.8323432881,13012,32463.0248558844,4255.75393320104,1737.93509533442,0.459654540460931,0.0602586058189134,0.0246079889703212
-65.9565991569218,-7.07353107674564,PURUS,70624.8323432881,13012,32463.0248558844,4255.75393320104,1737.93509533442,0.459654540460931,0.0602586058189134,0.0246079889703212
